-- Generated by scripts/generate-seed.ts from lib/seedCsv.ts — do not edit by hand.
-- Regenerate with: npm run db:seed:gen

insert into public.members (name) values
  ('พี่ไซน์'),
  ('พี่เดียร์'),
  ('พี่ก้อย'),
  ('พี่โตโต้')
on conflict (name) do nothing;

insert into public.customers (id, name, province, province_code, sales_owner, contact_person, phone, email, line_id, color, interactions, created_at) values
  ('cus_nll23ev_0', 'BJ Perfect Living', 'ขอนแก่น', 'TH-40', 'พี่ไซน์', '', '', '', '', '#5d87ff', '[]'::jsonb, '2026-07-13T07:43:00.946Z'),
  ('cus_b23fh52_8', 'เออเบินนารา', 'ขอนแก่น', 'TH-40', 'พี่ไซน์', '', '', '', '', '#7c3aed', '[]'::jsonb, '2026-07-13T07:43:00.947Z'),
  ('cus_uoi23z4_16', 'ASA House', 'ขอนแก่น', 'TH-40', 'พี่ไซน์', '', '', '', '', '#059669', '[]'::jsonb, '2026-07-13T07:43:00.947Z'),
  ('cus_65aglno_26', 'The base Downtown', 'ขอนแก่น', 'TH-40', 'พี่ไซน์', '', '', '', '', '#d97706', '[]'::jsonb, '2026-07-13T07:43:00.948Z'),
  ('cus_l0rdyf3_33', 'Grand Clinton', 'ขอนแก่น', 'TH-40', 'พี่ไซน์', '', '', '', '', '#e11d48', '[]'::jsonb, '2026-07-13T07:43:00.948Z'),
  ('cus_eexeeku_40', 'บ้านรวงทอง', 'ขอนแก่น', 'TH-40', 'พี่ไซน์', '', '', '', '', '#0891b2', '[]'::jsonb, '2026-07-13T07:43:00.948Z'),
  ('cus_xllc4kq_43', '42 poolvilla', 'ขอนแก่น', 'TH-40', 'พี่ไซน์', '', '', '', '', '#4f46e5', '[]'::jsonb, '2026-07-13T07:43:00.948Z'),
  ('cus_f972a1k_46', 'BSD รับสร้างบ้าน', 'ขอนแก่น', 'TH-40', 'พี่ไซน์', '', '', '', '', '#0d9488', '[]'::jsonb, '2026-07-13T07:43:00.948Z'),
  ('cus_holu3te_51', 'พิมนารา', 'ขอนแก่น', 'TH-40', 'พี่ไซน์', '', '', '', '', '#5d87ff', '[]'::jsonb, '2026-07-13T07:43:00.948Z'),
  ('cus_kxlz8zr_54', 'เซนทรัลพาร์ค', 'ขอนแก่น', 'TH-40', 'พี่ไซน์', '', '', '', '', '#7c3aed', '[]'::jsonb, '2026-07-13T07:43:00.948Z'),
  ('cus_h5f9gf2_56', 'ไทยพิพัฒน์ โซลูชั่น', 'ขอนแก่น', 'TH-40', 'พี่ไซน์', '', '', '', '', '#059669', '[]'::jsonb, '2026-07-13T07:43:00.948Z'),
  ('cus_ajuumi0_59', 'เป็นสุข', 'ขอนแก่น', 'TH-40', 'พี่ไซน์', '', '', '', '', '#d97706', '[]'::jsonb, '2026-07-13T07:43:00.948Z'),
  ('cus_3jwc6qq_64', 'พิมาน', 'ขอนแก่น', 'TH-40', 'พี่ไซน์', '', '', '', '', '#e11d48', '[]'::jsonb, '2026-07-13T07:43:00.948Z'),
  ('cus_x88kqwi_67', 'สถาพร รับสร้างบ้าน', 'ขอนแก่น', 'TH-40', 'พี่ไซน์', '', '', '', '', '#0891b2', '[]'::jsonb, '2026-07-13T07:43:00.948Z'),
  ('cus_f83n5rg_71', 'โฮมเซนเตอร์', 'ขอนแก่น', 'TH-40', 'พี่ไซน์', '', '', '', '', '#4f46e5', '[]'::jsonb, '2026-07-13T07:43:00.948Z'),
  ('cus_du01vra_75', 'WD รับสร้างบ้าน', 'ขอนแก่น', 'TH-40', 'พี่เดียร์', '', '', '', '', '#0d9488', '[]'::jsonb, '2026-07-13T07:43:00.948Z'),
  ('cus_6ujk0d4_81', 'วิรินดา', 'อุดรธานี', 'TH-41', 'พี่ไซน์', '', '', '', '', '#5d87ff', '[]'::jsonb, '2026-07-13T07:43:00.948Z'),
  ('cus_z1xw2xk_85', 'บ้านพฤกษา', 'ขอนแก่น', 'TH-40', 'พี่ไซน์', '', '', '', '', '#7c3aed', '[]'::jsonb, '2026-07-13T07:43:00.948Z'),
  ('cus_jtimpex_89', 'ดิแอสต้าวิลล์', 'ขอนแก่น', 'TH-40', 'พี่ก้อย', '', '', '', '', '#059669', '[]'::jsonb, '2026-07-13T07:43:00.948Z'),
  ('cus_e9hcxqv_92', 'โฮเมล์โล่', 'ขอนแก่น', 'TH-40', 'พี่ไซน์', '', '', '', '', '#d97706', '[]'::jsonb, '2026-07-13T07:43:00.948Z'),
  ('cus_vrj8uv4_105', 'น้ำใสวิลล์', 'ขอนแก่น', 'TH-40', 'พี่ไซน์', '', '', '', '', '#e11d48', '[]'::jsonb, '2026-07-13T07:43:00.948Z'),
  ('cus_ov4q96s_109', 'อีสานโมเดิร์น', 'ขอนแก่น', 'TH-40', 'พี่โตโต้', '', '', '', '', '#0891b2', '[]'::jsonb, '2026-07-13T07:43:00.948Z'),
  ('cus_m6m4rjv_114', 'มายด์โฮม รับสร้างบ้าน', 'ขอนแก่น', 'TH-40', 'พี่ไซน์', '', '', '', '', '#4f46e5', '[]'::jsonb, '2026-07-13T07:43:00.948Z'),
  ('cus_73b02bx_119', 'มหารุ่งโรจน์', 'ขอนแก่น', 'TH-40', 'พี่ไซน์', '', '', '', '', '#0d9488', '[]'::jsonb, '2026-07-13T07:43:00.948Z'),
  ('cus_b6n08pj_129', 'ธนากุล', 'ขอนแก่น', 'TH-40', 'พี่ไซน์', '', '', '', '', '#5d87ff', '[]'::jsonb, '2026-07-13T07:43:00.948Z'),
  ('cus_f17p8uo_138', 'ศุภาลัย', 'ขอนแก่น', 'TH-40', 'พี่ไซน์', '', '', '', '', '#7c3aed', '[]'::jsonb, '2026-07-13T07:43:00.948Z'),
  ('cus_gcsskv6_149', 'เดอะทาวน์', 'ขอนแก่น', 'TH-40', 'พี่ไซน์', '', '', '', '', '#059669', '[]'::jsonb, '2026-07-13T07:43:00.948Z'),
  ('cus_7t7i1pk_152', 'ออริจิ้น', 'ขอนแก่น', 'TH-40', 'พี่ไซน์', '', '', '', '', '#d97706', '[]'::jsonb, '2026-07-13T07:43:00.948Z'),
  ('cus_68tt6x2_159', 'ไทยพิพัฒน์ ฮาร์ดแวร์', 'ขอนแก่น', 'TH-40', 'พี่เดียร์', '', '', '', '', '#e11d48', '[]'::jsonb, '2026-07-13T07:43:00.948Z'),
  ('cus_a9aljx7_161', 'บีเฮ้าส์ รับสร้างบ้าน', 'ขอนแก่น', 'TH-40', 'พี่เดียร์', '', '', '', '', '#0891b2', '[]'::jsonb, '2026-07-13T07:43:00.948Z'),
  ('cus_ys97mcx_163', 'เอสเฮ้าส์ รับสร้างบ้าน', 'ขอนแก่น', 'TH-40', 'พี่ไซน์', '', '', '', '', '#4f46e5', '[]'::jsonb, '2026-07-13T07:43:00.948Z'),
  ('cus_cptr1pj_168', 'โอเชี่ยน โอเอซิส', 'ขอนแก่น', 'TH-40', 'พี่ไซน์', '', '', '', '', '#0d9488', '[]'::jsonb, '2026-07-13T07:43:00.948Z'),
  ('cus_krx0fta_171', 'ทรัพย์ไพศาล', 'ขอนแก่น', 'TH-40', 'พี่ก้อย', '', '', '', '', '#5d87ff', '[]'::jsonb, '2026-07-13T07:43:00.948Z'),
  ('cus_sf02rxp_174', 'ไอดีลดีไซน์', 'ขอนแก่น', 'TH-40', 'พี่ไซน์', '', '', '', '', '#7c3aed', '[]'::jsonb, '2026-07-13T07:43:00.948Z')
on conflict (id) do nothing;

insert into public.items (id, customer_id, qt_no, inv_no, channel, item_type, detail, price, exec_status, result_status, report_status, renewal_status, target, actual, metric_name, metric_unit, target_value, actual_value, report_sent_date, link, rating, deadline, publish_date, finished_date, notes, follow_up_date, follow_up_note, priority, progress, checklist, activity, created_at, updated_at) values
  ('item_q8idgnc_1', 'cus_nll23ev_0', 'QO-20251200010', '', 'facebook', 'Short VDO', 'Short Video 20,000 การมองเห็น', NULL, 'not_started', 'not_collected', 'not_sent', 'pending', '', 'เลื่อนนัดถ่ายงาน 31 ก.ค 68', '', '', NULL, NULL, NULL, '', 0, NULL, NULL, NULL, '', NULL, '', 'medium', 0, '[]'::jsonb, '[]'::jsonb, '2026-07-13T07:43:00.947Z', '2026-07-13T07:43:00.947Z'),
  ('item_0cus7ra_2', 'cus_nll23ev_0', 'QO-20251200010', '', 'web', 'Top Ads', 'Top ADS 5 แบบบ้าน 1 เดือน', NULL, 'published', 'in_progress', 'not_sent', 'pending', '', '', '', '', NULL, NULL, NULL, '', 0, NULL, '2025-10-24', '2026-12-25', '', NULL, '', 'medium', 90, '[]'::jsonb, '[]'::jsonb, '2026-07-13T07:43:00.947Z', '2026-07-13T07:43:00.947Z'),
  ('item_jjbzbkg_3', 'cus_nll23ev_0', 'QO-20260100002', 'IV-20260100001', 'web', 'Top Ads', 'Top ads', 12000, 'published', 'achieved', 'not_sent', 'pending', '', '', '', '', NULL, NULL, NULL, '', 0, NULL, '2026-01-15', '2026-04-15', '', NULL, '', 'medium', 90, '[]'::jsonb, '[]'::jsonb, '2026-07-13T07:43:00.947Z', '2026-07-13T07:43:00.947Z'),
  ('item_o6up6fi_4', 'cus_nll23ev_0', 'QO-20260100002', 'IV-20260100001', 'web', 'บทความทั่วไป', 'บทความทั่วไป', 0, 'published', 'in_progress', 'not_sent', 'pending', '500 อ่าน', '49 อ่าน  (รอยิงพร้อม short video)', '', '', NULL, NULL, NULL, 'https://nayoo.co/khonkaen/blogs/bj-perfect-living-home-builder', 0, NULL, '2026-03-11', NULL, '', NULL, '', 'medium', 90, '[]'::jsonb, '[]'::jsonb, '2026-07-13T07:43:00.947Z', '2026-07-13T07:43:00.947Z'),
  ('item_va5kq5w_5', 'cus_nll23ev_0', 'QO-20260100002', 'IV-20260100001', 'facebook', 'Post โปรโมท', 'Post โปรโมท บทความ การันตี 100 Engagement', 12000, 'published', 'achieved', 'not_sent', 'pending', 'การันตี 100 Engagement', '27,103 ยอดดู , 124 Engagement', '', '', NULL, NULL, NULL, 'https://www.facebook.com/khonkaennayoo/posts/pfbid0swF7H4zcbL1vGmUQKmCdYGEyRHVVeBEBLmAwN7bVfTeo5Ryt2mWRcHeF8BcUhTCPl?locale=th_TH', 0, NULL, '2026-03-12', NULL, '', NULL, '', 'medium', 90, '[]'::jsonb, '[]'::jsonb, '2026-07-13T07:43:00.947Z', '2026-07-13T07:43:00.947Z'),
  ('item_d9tbvb8_6', 'cus_nll23ev_0', 'QO-20260400009', '', 'web', 'ปักหมุดบริษัทชั้นนำ', 'ระยะเวลา 3 เดือน', NULL, 'published', 'not_collected', 'not_sent', 'pending', '', '', '', '', NULL, NULL, NULL, '', 0, NULL, '2025-10-15', '2026-07-15', '', NULL, '', 'medium', 90, '[]'::jsonb, '[]'::jsonb, '2026-07-13T07:43:00.947Z', '2026-07-13T07:43:00.947Z'),
  ('item_s766rfw_7', 'cus_nll23ev_0', 'QO-20260400009', '', 'web', 'Top Ads', 'ปักหมุดแบบบ้าน 5 แบบ', NULL, 'published', 'not_collected', 'not_sent', 'pending', '', '', '', '', NULL, NULL, NULL, '', 0, NULL, '2025-04-08', '2026-06-08', '', NULL, '', 'medium', 90, '[]'::jsonb, '[]'::jsonb, '2026-07-13T07:43:00.947Z', '2026-07-13T07:43:00.947Z'),
  ('item_he5qh0w_9', 'cus_b23fh52_8', 'QO-20260100001', 'IV-20260100003', 'web', 'Top Ads', 'ระยะเวลา 6 เดือน', 36000, 'published', 'in_progress', 'not_sent', 'pending', '5,000 Impr', '', '', '', NULL, NULL, NULL, '', 0, NULL, '2026-01-13', '2026-07-14', '', NULL, '', 'medium', 90, '[]'::jsonb, '[]'::jsonb, '2026-07-13T07:43:00.947Z', '2026-07-13T07:43:00.947Z'),
  ('item_5monaj5_10', 'cus_b23fh52_8', 'QO-20260100001', 'IV-20260100003', 'web', 'บทความทั่วไป', 'บทความทั่วไป  บทความสั้น พร้อมรูป 4-12 รูป', 10800, 'published', 'not_collected', 'not_sent', 'pending', 'การันตีคนอ่าน 500 ครั้ง', '', '', '', NULL, NULL, NULL, 'https://nayoo.co/blogs/khonkaen/urban-nara-airport-bypass', 0, NULL, '2026-06-16', NULL, 'สถานะ Ads: กำลังดำเนินการ', NULL, '', 'medium', 90, '[]'::jsonb, '[]'::jsonb, '2026-07-13T07:43:00.947Z', '2026-07-13T07:43:00.947Z'),
  ('item_nwjc9mg_11', 'cus_b23fh52_8', 'QO-20260100001', 'IV-20260100003', 'facebook', 'Post โปรโมท', 'Post โปรโมท บทความ', 0, 'published', 'not_collected', 'not_sent', 'pending', 'การรันตี 100 Engagement', '', '', '', NULL, NULL, NULL, 'https://www.facebook.com/share/p/1NE4zR9RWB/', 0, NULL, '2026-06-16', NULL, 'สถานะ Ads: กำลังดำเนินการ', NULL, '', 'medium', 90, '[]'::jsonb, '[]'::jsonb, '2026-07-13T07:43:00.947Z', '2026-07-13T07:43:00.947Z'),
  ('item_resvota_12', 'cus_b23fh52_8', 'QO-20260100001', 'IV-20260100003', 'facebook', 'บูสโพสต์', 'Boost Post 5,000 บาท', 5000, 'published', 'not_collected', 'not_sent', 'pending', '5,000 บาท', '', '', '', NULL, NULL, NULL, 'https://www.facebook.com/share/p/1NE4zR9RWB/', 0, NULL, NULL, NULL, 'สถานะ Ads: กำลังดำเนินการ', NULL, '', 'medium', 90, '[]'::jsonb, '[]'::jsonb, '2026-07-13T07:43:00.947Z', '2026-07-13T07:43:00.947Z'),
  ('item_a5vnfyx_13', 'cus_b23fh52_8', 'QO-20260500010', 'ยังไม่มีข้อมูล', 'facebook', 'Short VDO', '', 10000, 'published', 'not_collected', 'not_sent', 'pending', '20,000 Impr 100 Engage', '', '', '', NULL, NULL, NULL, 'https://www.facebook.com/share/r/196tgJ4u5s/', 0, NULL, '2026-06-11', NULL, 'สถานะ Ads: ดำเนินการเสร็จแล้ว', NULL, '', 'medium', 90, '[]'::jsonb, '[]'::jsonb, '2026-07-13T07:43:00.947Z', '2026-07-13T07:43:00.947Z'),
  ('item_vpfgy04_14', 'cus_b23fh52_8', 'QO-20260500010', '', 'facebook', 'บูสโพสต์', 'Boost Post 5,000 บาท', 5000, 'published', 'not_collected', 'not_sent', 'pending', '', '', '', '', NULL, NULL, NULL, 'https://www.facebook.com/share/r/196tgJ4u5s/', 0, NULL, NULL, NULL, 'สถานะ Ads: ดำเนินการเสร็จแล้ว', NULL, '', 'medium', 90, '[]'::jsonb, '[]'::jsonb, '2026-07-13T07:43:00.947Z', '2026-07-13T07:43:00.947Z'),
  ('item_4a7myjh_15', 'cus_b23fh52_8', 'QO-20260500011', '', 'web', 'Super Tob ads', 'ระยะเวลา 3 เดือน', 12000, 'published', 'not_collected', 'not_sent', 'pending', '', '', '', '', NULL, NULL, NULL, '', 0, NULL, '2026-06-11', '2026-09-15', '', NULL, '', 'medium', 90, '[]'::jsonb, '[]'::jsonb, '2026-07-13T07:43:00.947Z', '2026-07-13T07:43:00.947Z'),
  ('item_dl9jp9g_17', 'cus_uoi23z4_16', 'QO-20260100007', 'IV-20260100004', 'web', 'บทความ SEO', 'ทำ Company Profil 1 Keyword คำหลัก 5 คำรอง', 59000, 'published', 'achieved', 'not_sent', 'pending', '500 อ่าน', '531 อ่าน', '', '', NULL, NULL, NULL, 'https://nayoo.co/khonkaen/blogs/asa-house-builder-khon-kaen', 0, NULL, NULL, NULL, 'สถานะ Ads: ดำเนินการเสร็จแล้ว', NULL, '', 'medium', 90, '[]'::jsonb, '[]'::jsonb, '2026-07-13T07:43:00.947Z', '2026-07-13T07:43:00.947Z'),
  ('item_mi020tt_18', 'cus_uoi23z4_16', 'QO-20260100007', 'IV-20260100004', 'google', 'Google SEM (Search)', 'ทำ 2 แคมเปญ คำ Search', 0, 'in_progress', 'not_collected', 'not_sent', 'pending', '', '', '', '', NULL, NULL, NULL, '', 0, NULL, NULL, NULL, 'สถานะ Ads: ดำเนินการเสร็จแล้ว', NULL, '', 'medium', 50, '[]'::jsonb, '[]'::jsonb, '2026-07-13T07:43:00.948Z', '2026-07-13T07:43:00.948Z'),
  ('item_rsap609_19', 'cus_uoi23z4_16', 'QO-20260100007', 'IV-20260100004', 'google', 'Google Display', 'Google display จำนวน 3 เดือน', 0, 'not_started', 'not_collected', 'not_sent', 'pending', '', '', '', '', NULL, NULL, NULL, '', 0, NULL, NULL, NULL, 'สถานะ Ads: ยังไม่เริ่ม', NULL, '', 'medium', 0, '[]'::jsonb, '[]'::jsonb, '2026-07-13T07:43:00.948Z', '2026-07-13T07:43:00.948Z'),
  ('item_z5qow7q_20', 'cus_uoi23z4_16', 'QO-20260100007', 'IV-20260100004', 'web', 'บทความ AIO', 'AIO (AI Overviews)', 0, 'not_started', 'not_collected', 'not_sent', 'pending', 'ติด Aio', '', '', '', NULL, NULL, NULL, '', 0, NULL, NULL, NULL, 'สถานะ Ads: ยังไม่เริ่ม', NULL, '', 'medium', 0, '[]'::jsonb, '[]'::jsonb, '2026-07-13T07:43:00.948Z', '2026-07-13T07:43:00.948Z'),
  ('item_dequpvv_21', 'cus_uoi23z4_16', 'QO-20260100007', 'IV-20260100004', 'facebook', 'Post Facebook', '*การันตี 1,000 engagement บนเพจขอนแก่นน่าอยู่', 0, 'published', 'achieved', 'not_sent', 'pending', '100 Engagement', '139 Engagement', '', '', NULL, NULL, NULL, 'https://www.facebook.com/share/p/18f6cAHajU/', 0, NULL, NULL, NULL, 'สถานะ Ads: ดำเนินการเสร็จแล้ว', NULL, '', 'medium', 90, '[]'::jsonb, '[]'::jsonb, '2026-07-13T07:43:00.948Z', '2026-07-13T07:43:00.948Z'),
  ('item_375zhd3_22', 'cus_uoi23z4_16', 'QO-20260100007', 'IV-20260100004', 'web', 'Banner', 'Hero Banner  - Banner ระยะเวลา 3 เดือน', 0, 'published', 'achieved', 'not_sent', 'pending', '', '', '', '', NULL, NULL, NULL, '', 0, NULL, '2026-01-23', '2026-04-23', '', NULL, '', 'medium', 90, '[]'::jsonb, '[]'::jsonb, '2026-07-13T07:43:00.948Z', '2026-07-13T07:43:00.948Z'),
  ('item_pvgzyhe_23', 'cus_uoi23z4_16', 'QO-20260100007', 'IV-20260100004', 'web', 'ปักหมุดบริษัทชั้นนำ', 'ปักหมุดบริษัทรับสร้างบ้านชั้นนำ จำนวน 6 เดือน', 0, 'published', 'in_progress', 'not_sent', 'pending', '', '', '', '', NULL, NULL, NULL, '', 0, NULL, '2026-01-19', '2026-07-20', '', NULL, '', 'medium', 90, '[]'::jsonb, '[]'::jsonb, '2026-07-13T07:43:00.948Z', '2026-07-13T07:43:00.948Z'),
  ('item_9the2oz_24', 'cus_uoi23z4_16', 'QO-20260100007', 'IV-20260100004', 'web', 'ปักหมุดแบบบ้านยอดนิยม', 'เลือกแบบบ้านได้ 5 แบบ จำนวน 6 เดือน', 27000, 'published', 'in_progress', 'not_sent', 'pending', '', '', '', '', NULL, NULL, NULL, '', 0, NULL, '2026-01-26', '2026-07-27', '', NULL, '', 'medium', 90, '[]'::jsonb, '[]'::jsonb, '2026-07-13T07:43:00.948Z', '2026-07-13T07:43:00.948Z'),
  ('item_re0dbfd_25', 'cus_uoi23z4_16', 'QO-20260100007', 'IV-20260100004', 'web', 'ปักหมุดบริษัทโปรไฟล์พรีเมี่ยม', 'ปักหมุดบริษัทโปรไฟล์พรีเมียม จำนวน 6 เดือน', 0, 'published', 'in_progress', 'not_sent', 'pending', '', '', '', '', NULL, NULL, NULL, '', 0, NULL, '2026-01-19', '2026-07-20', '', NULL, '', 'medium', 90, '[]'::jsonb, '[]'::jsonb, '2026-07-13T07:43:00.948Z', '2026-07-13T07:43:00.948Z'),
  ('item_h4r6uau_27', 'cus_65aglno_26', 'QO-20260100011', 'IV-20260100013', 'facebook', 'Post โปรโมท', 'Post โปรโมท', 12000, 'published', 'achieved', 'sent', 'pending', '20,000 การมองเห็น 100 engage', '1,036,899 ยอดดู. 798 engagement', '', '', NULL, NULL, NULL, 'https://www.facebook.com/khonkaennayoo/posts/pfbid02T1XBysULmBNYq4M7xhB7csSmzU2SSpHYZwqvzvRTZnTg49JzJhS7zwmN7gRh367kl', 5, NULL, '2026-01-10', '2026-02-10', '', NULL, '', 'medium', 90, '[]'::jsonb, '[]'::jsonb, '2026-07-13T07:43:00.948Z', '2026-07-13T07:43:00.948Z'),
  ('item_pglh724_28', 'cus_65aglno_26', 'QO-20260100011', 'IV-20260100013', 'facebook', 'บูสโพสต์', 'Boost Post 10,000 บาท', 10000, 'published', 'achieved', 'sent', 'pending', '', '', '', '', NULL, NULL, NULL, '', 0, NULL, '2026-01-10', '2026-02-10', '', NULL, '', 'medium', 90, '[]'::jsonb, '[]'::jsonb, '2026-07-13T07:43:00.948Z', '2026-07-13T07:43:00.948Z'),
  ('item_nhvcbf9_29', 'cus_65aglno_26', 'QO-20260100011', 'IV-20260100013', 'facebook', 'Short VDO', 'Short VDO', 10800, 'published', 'achieved', 'sent', 'pending', '20,000 การมองเห็น 100 engage', '391,920 ยอดดู 1,894 engagement', '', '', NULL, NULL, NULL, 'https://www.facebook.com/reel/1466419052161129?locale=th_TH', 0, NULL, '2026-02-27', '2026-03-27', '', NULL, '', 'medium', 90, '[]'::jsonb, '[]'::jsonb, '2026-07-13T07:43:00.948Z', '2026-07-13T07:43:00.948Z'),
  ('item_q7eais1_30', 'cus_65aglno_26', 'QO-20260100011', 'IV-20260100013', 'facebook', 'บูสโพสต์', 'Boost Post 10,000 บาท', 10000, 'published', 'achieved', 'sent', 'pending', '', '', '', '', NULL, NULL, NULL, '', 0, NULL, '2026-02-27', '2026-03-27', '', NULL, '', 'medium', 90, '[]'::jsonb, '[]'::jsonb, '2026-07-13T07:43:00.948Z', '2026-07-13T07:43:00.948Z'),
  ('item_bsi362l_31', 'cus_65aglno_26', 'QO-20260500012', '', 'web', 'โครงการเปิดตัวใหม่', '1 เดือน', 8000, 'published', 'achieved', 'sent', 'pending', '', '', '', '', NULL, NULL, NULL, '', 0, NULL, '2026-05-22', '2026-06-30', '', NULL, '', 'medium', 90, '[]'::jsonb, '[]'::jsonb, '2026-07-13T07:43:00.948Z', '2026-07-13T07:43:00.948Z'),
  ('item_5at1v8b_32', 'cus_65aglno_26', 'QO-20260500012', '', 'web', 'Top Ads', '1 เดือน', 6000, 'published', 'achieved', 'sent', 'pending', '', '', '', '', NULL, NULL, NULL, '', 0, NULL, '2026-05-22', '2026-06-30', '', NULL, '', 'medium', 90, '[]'::jsonb, '[]'::jsonb, '2026-07-13T07:43:00.948Z', '2026-07-13T07:43:00.948Z'),
  ('item_1w3oam9_34', 'cus_l0rdyf3_33', 'QO-20260100037', '', 'facebook', 'VDO 1-3 นาที', 'วิดิโอ 1-3 นาที - พากย์เสียง', NULL, 'published', 'achieved', 'sent', 'pending', '20,000 การมองเห็น 1,000 engagement', '45,299 ยอดดู 1,055 Engagement', '', '', NULL, NULL, NULL, 'https://www.facebook.com/reel/1647382319944024?locale=th_TH', 5, NULL, '2026-03-24', NULL, '', NULL, '', 'medium', 90, '[]'::jsonb, '[]'::jsonb, '2026-07-13T07:43:00.948Z', '2026-07-13T07:43:00.948Z'),
  ('item_q7psvu6_35', 'cus_l0rdyf3_33', 'QO-20260100037', '', 'web', 'บทความทั่วไป', '500 อ่าน ภาพประกอบ 4-10 รูป', NULL, 'published', 'achieved', 'sent', 'pending', '500 อ่าน', '1,200 อ่าน', '', '', NULL, NULL, NULL, 'https://nayoo.co/khonkaen/blogs/grand-clintons-khon-kaen', 0, NULL, '2026-03-26', NULL, '', NULL, '', 'medium', 90, '[]'::jsonb, '[]'::jsonb, '2026-07-13T07:43:00.948Z', '2026-07-13T07:43:00.948Z'),
  ('item_tawz2xk_36', 'cus_l0rdyf3_33', 'QO-20260100037', '', 'facebook', 'Post โปรโมท', 'โปรโมท บทความ 20,000 การมองเห็น 100 engagement', NULL, 'published', 'achieved', 'sent', 'pending', '20,000 การมองเห็น 100 engagement', '29,586 ยอดดู 147 Engagement', '', '', NULL, NULL, NULL, 'https://www.facebook.com/khonkaennayoo/posts/pfbid02dGHAjbkxfFESoQ53me2M86yVUsD71G7C7txqfwyaXPZzfJPMSQrW1TESXgvtfWYjl?locale=th_TH', 0, NULL, '2026-03-27', NULL, '', NULL, '', 'medium', 90, '[]'::jsonb, '[]'::jsonb, '2026-07-13T07:43:00.948Z', '2026-07-13T07:43:00.948Z'),
  ('item_lkmd76l_37', 'cus_l0rdyf3_33', 'QO-20260100037', '', 'web', 'Top Ads', 'Top ADS 1 เดือน', NULL, 'published', 'achieved', 'sent', 'pending', '', '', '', '', NULL, NULL, NULL, '', 0, NULL, '2026-03-30', '2026-04-30', '', NULL, '', 'medium', 90, '[]'::jsonb, '[]'::jsonb, '2026-07-13T07:43:00.948Z', '2026-07-13T07:43:00.948Z'),
  ('item_gi4lwfk_38', 'cus_l0rdyf3_33', 'QO-20260100037', '', 'facebook', 'ภาพนิ่ง', 'ภาพนิ่ง', NULL, 'published', 'achieved', 'sent', 'pending', '', '', '', '', NULL, NULL, NULL, '', 0, NULL, NULL, NULL, '', NULL, '', 'medium', 90, '[]'::jsonb, '[]'::jsonb, '2026-07-13T07:43:00.948Z', '2026-07-13T07:43:00.948Z'),
  ('item_axsmjqd_39', 'cus_l0rdyf3_33', 'QO-20260100037', '', 'facebook', 'Short VDO', 'Short Video  20,000 การมองเห็น 100 engagement', NULL, 'published', 'achieved', 'sent', 'pending', '20,000 การมองเห็น 100 engagement', '85,602 ยอดดู  1,790 Engagement', '', '', NULL, NULL, NULL, 'https://www.facebook.com/reel/1291352086377817?locale=th_TH', 0, NULL, '2026-02-16', NULL, '', NULL, '', 'medium', 90, '[]'::jsonb, '[]'::jsonb, '2026-07-13T07:43:00.948Z', '2026-07-13T07:43:00.948Z'),
  ('item_o5dhhne_41', 'cus_eexeeku_40', 'QO-20260100003', 'IV-20260100007', 'web', 'Top Ads', 'Top Ad 3 เดือน', 18000, 'published', 'in_progress', 'not_sent', 'pending', '', '', '', '', NULL, NULL, NULL, '', 0, NULL, '2026-03-26', '2026-06-30', '', NULL, '', 'medium', 90, '[]'::jsonb, '[]'::jsonb, '2026-07-13T07:43:00.948Z', '2026-07-13T07:43:00.948Z'),
  ('item_duoi2mh_42', 'cus_eexeeku_40', 'QO-20260100003', 'IV-20260100007', 'web', 'VR360', 'VR360 ขึ้นหน้าประกาศโครงการ 1 ปี', NULL, 'not_started', 'not_collected', 'not_sent', 'pending', '', '', '', '', NULL, NULL, NULL, '', 0, NULL, NULL, NULL, '', NULL, '', 'medium', 0, '[]'::jsonb, '[]'::jsonb, '2026-07-13T07:43:00.948Z', '2026-07-13T07:43:00.948Z'),
  ('item_ydiolz6_44', 'cus_xllc4kq_43', 'QO-20260200003', 'IV-20260200017', 'web', 'Top Ads', 'Top Ad 3 เดือน', 17100, 'published', 'in_progress', 'not_sent', 'pending', '', '', '', '', NULL, NULL, NULL, '', 0, NULL, '2026-04-07', '2026-06-10', '', NULL, '', 'medium', 90, '[]'::jsonb, '[]'::jsonb, '2026-07-13T07:43:00.948Z', '2026-07-13T07:43:00.948Z'),
  ('item_3yqj1pz_45', 'cus_xllc4kq_43', 'QO-20260200003', 'IV-20260200017', 'web', 'ปักหมุด Banner', 'ปักหมุด Banner 3 เดือน', 68400, 'published', 'in_progress', 'not_sent', 'pending', '', '', '', '', NULL, NULL, NULL, '', 0, NULL, '2026-04-07', '2026-06-10', '', NULL, '', 'medium', 90, '[]'::jsonb, '[]'::jsonb, '2026-07-13T07:43:00.948Z', '2026-07-13T07:43:00.948Z'),
  ('item_pfei82e_47', 'cus_f972a1k_46', 'QO-20260100040', 'IV-20260200003', 'web', 'บทความ AIO', '', 32000, 'published', 'in_progress', 'not_sent', 'pending', '500 อ่าน / ติด AIO', '101 อ่าน / ติด AIO', '', '', NULL, NULL, NULL, 'https://nayoo.co/khonkaen/blogs/bsd-construction-2018', 0, NULL, '2026-03-19', '2026-06-19', '', NULL, '', 'medium', 90, '[]'::jsonb, '[]'::jsonb, '2026-07-13T07:43:00.948Z', '2026-07-13T07:43:00.948Z'),
  ('item_4hjbh7y_48', 'cus_f972a1k_46', 'QO-20260100040', 'IV-20260200003', 'google', 'Google SEM (Search)', '1 Keyword', 0, 'not_started', 'in_progress', 'not_sent', 'pending', '', '', '', '', NULL, NULL, NULL, '', 0, NULL, NULL, NULL, '', NULL, '', 'medium', 0, '[]'::jsonb, '[]'::jsonb, '2026-07-13T07:43:00.948Z', '2026-07-13T07:43:00.948Z'),
  ('item_85rqq5b_49', 'cus_f972a1k_46', 'QO-20260100040', 'IV-20260200003', 'web', 'Top Ads', 'ปักหมุดบริษัทรับสร้างบ้านชั้นนำ 1 เดือน', 0, 'published', 'achieved', 'not_sent', 'pending', '', '', '', '', NULL, NULL, NULL, '', 0, NULL, '2026-03-21', '2026-04-30', '', NULL, '', 'medium', 90, '[]'::jsonb, '[]'::jsonb, '2026-07-13T07:43:00.948Z', '2026-07-13T07:43:00.948Z'),
  ('item_jl7pyv4_50', 'cus_f972a1k_46', 'QO-20260100040', 'IV-20260200003', 'web', 'Top Ads', '5 แบบบ้านยอดนิยม 1 เดือน', 0, 'published', 'achieved', 'not_sent', 'pending', '', '', '', '', NULL, NULL, NULL, '', 0, NULL, '2026-03-21', '2026-04-30', '', NULL, '', 'medium', 90, '[]'::jsonb, '[]'::jsonb, '2026-07-13T07:43:00.948Z', '2026-07-13T07:43:00.948Z'),
  ('item_zdfptub_52', 'cus_holu3te_51', 'QO-20260200011', 'IV-20260200016', 'web', 'โครงการแนะนำ', 'ระยะเวลา 3 เดือน', 21600, 'published', 'achieved', 'sent', 'pending', '', '', '', '', NULL, NULL, NULL, '', 0, NULL, '2026-02-17', '2026-05-17', '', NULL, '', 'medium', 90, '[]'::jsonb, '[]'::jsonb, '2026-07-13T07:43:00.948Z', '2026-07-13T07:43:00.948Z'),
  ('item_21did04_53', 'cus_holu3te_51', 'QO-20260100042', 'IV-20260200002', 'web', 'Top Ads', 'ระยะเวลา  1 เดือน', 18000, 'published', 'achieved', 'not_sent', 'pending', '', '', '', '', NULL, NULL, NULL, '', 0, NULL, '2026-02-05', '2026-06-06', '', NULL, '', 'medium', 90, '[]'::jsonb, '[]'::jsonb, '2026-07-13T07:43:00.948Z', '2026-07-13T07:43:00.948Z'),
  ('item_bmxpbsf_55', 'cus_kxlz8zr_54', 'QO-20260100036', 'IV-20260100019', 'web', 'Top Ads', 'ระยะเวลา 3 เดือน', 16200, 'published', 'achieved', 'sent', 'pending', '', '34,326 Impression 1,637 Click', '', '', NULL, NULL, NULL, '', 0, NULL, '2026-01-28', '2026-04-30', '', NULL, '', 'medium', 90, '[]'::jsonb, '[]'::jsonb, '2026-07-13T07:43:00.948Z', '2026-07-13T07:43:00.948Z'),
  ('item_p6u3o0e_57', 'cus_h5f9gf2_56', 'QO-20260200019', 'IV-20260300004', 'web', 'บทความ AIO', '', 0, 'published', 'in_progress', 'not_sent', 'pending', 'ติด AIO', '', '', '', NULL, NULL, NULL, 'https://nayoo.co/khonkaen/blogs/thai-pipat-solution-khonkaen', 0, NULL, '2026-04-07', '2026-07-07', '', NULL, '', 'medium', 90, '[]'::jsonb, '[]'::jsonb, '2026-07-13T07:43:00.948Z', '2026-07-13T07:43:00.948Z'),
  ('item_3rybaep_58', 'cus_h5f9gf2_56', 'QO-20260200019', 'IV-20260300004', 'web', 'Top Banner', 'ระยะเวลา 3 เดือน', 0, 'published', 'in_progress', 'not_sent', 'pending', '', '', '', '', NULL, NULL, NULL, '', 0, NULL, '2026-03-30', '2026-06-30', '', NULL, '', 'medium', 90, '[]'::jsonb, '[]'::jsonb, '2026-07-13T07:43:00.948Z', '2026-07-13T07:43:00.948Z'),
  ('item_910eox6_60', 'cus_ajuumi0_59', 'QO-20260300002', 'IV-20260300009', 'web', 'Top Ads', 'ใบประกาศละ 6 เดือน', 36000, 'published', 'not_collected', 'not_sent', 'pending', '', '', '', '', NULL, NULL, NULL, '', 0, NULL, '2026-03-17', '2026-09-17', '', NULL, '', 'medium', 90, '[]'::jsonb, '[]'::jsonb, '2026-07-13T07:43:00.948Z', '2026-07-13T07:43:00.948Z'),
  ('item_jkzt7lr_61', 'cus_ajuumi0_59', 'QO-20260300002', 'IV-20260300009', 'web', 'Top Ads', 'ใบประกาศละ 6 เดือน', 0, 'published', 'not_collected', 'not_sent', 'pending', '', '', '', '', NULL, NULL, NULL, '', 0, NULL, '2026-03-17', '2026-09-17', '', NULL, '', 'medium', 90, '[]'::jsonb, '[]'::jsonb, '2026-07-13T07:43:00.948Z', '2026-07-13T07:43:00.948Z'),
  ('item_w8j40m6_62', 'cus_ajuumi0_59', 'QO-20260300002', 'IV-20260300009', 'web', 'Brand Logo', 'ระยะเวลา 2 เดือน', 0, 'published', 'not_collected', 'not_sent', 'pending', '', '', '', '', NULL, NULL, NULL, '', 0, NULL, '2026-03-21', '2026-05-31', '', NULL, '', 'medium', 90, '[]'::jsonb, '[]'::jsonb, '2026-07-13T07:43:00.948Z', '2026-07-13T07:43:00.948Z'),
  ('item_48785wj_63', 'cus_ajuumi0_59', 'QO-20260300002', 'IV-20260300009', 'facebook', 'Short VDO', 'บ้านยังสร้างไม่เสร็จ', 10000, 'not_started', 'not_collected', 'not_sent', 'pending', '20,000 การมองเห็น 100 engage', '', '', '', NULL, NULL, NULL, '', 0, NULL, NULL, NULL, '', NULL, '', 'medium', 0, '[]'::jsonb, '[]'::jsonb, '2026-07-13T07:43:00.948Z', '2026-07-13T07:43:00.948Z'),
  ('item_tt9yt97_65', 'cus_3jwc6qq_64', 'QO-20260200015', 'IV-20260200022', 'web', 'บทความ AIO', '', 25000, 'published', 'achieved', 'not_sent', 'pending', 'ติด Aio', '', '', '', NULL, NULL, NULL, 'https://nayoo.co/blogs/khonkaen/piman-group-khonkaen?fbclid=IwY2xjawSdsRZleHRuA2FlbQIxMABicmlkETFpeFZqZ3BzTUNEZG5mclprc3J0YwZhcHBfaWQQMjIyMDM5MTc4ODIwMDg5MgABHrYfcXjs8DbHZuIWbgRr1ILYlsjB8KPqcG-is7Eki3EmVl4Sx1PrbMN8fUMy_aem_A_uNM8kSkMETUoqcBFX_hA', 0, NULL, '2026-06-09', NULL, '', NULL, '', 'medium', 90, '[]'::jsonb, '[]'::jsonb, '2026-07-13T07:43:00.948Z', '2026-07-13T07:43:00.948Z'),
  ('item_w3o2azu_66', 'cus_3jwc6qq_64', 'QO-20260200015', 'IV-20260200022', 'facebook', 'Top Ads', 'ระยะเวลา 1 เดือน', 0, 'published', 'not_collected', 'not_sent', 'pending', '', '', '', '', NULL, NULL, NULL, '', 0, '2026-06-18', '2026-07-18', NULL, '', NULL, '', 'medium', 90, '[]'::jsonb, '[]'::jsonb, '2026-07-13T07:43:00.948Z', '2026-07-13T07:43:00.948Z'),
  ('item_mm9tksk_68', 'cus_x88kqwi_67', 'QO-20260300006', 'IV-20260300010', 'web', 'Top Ads', 'ระยะเวลา 1 เดือน', 6000, 'published', 'not_collected', 'not_sent', 'pending', '', '', '', '', NULL, NULL, NULL, '', 0, NULL, '2026-06-11', '2026-07-11', '', NULL, '', 'medium', 90, '[]'::jsonb, '[]'::jsonb, '2026-07-13T07:43:00.948Z', '2026-07-13T07:43:00.948Z'),
  ('item_hjs8c1s_69', 'cus_x88kqwi_67', 'QO-20260300006', 'IV-20260300010', 'web', 'บทความทั่วไป', '', 22000, 'published', 'not_collected', 'not_sent', 'pending', '', '', '', '', NULL, NULL, NULL, 'https://nayoo.co/khonkaen/home-builder/company/247', 0, NULL, '2026-05-05', NULL, '', NULL, '', 'medium', 90, '[]'::jsonb, '[]'::jsonb, '2026-07-13T07:43:00.948Z', '2026-07-13T07:43:00.948Z'),
  ('item_zh9eu1m_70', 'cus_x88kqwi_67', 'QO-20260300006', 'IV-20260300010', 'facebook', 'Post โปรโมท', '', 0, 'published', 'not_collected', 'not_sent', 'pending', '20,000 การมองเห็น 100 engage', '', '', '', NULL, NULL, NULL, 'https://www.facebook.com/share/p/1CvhDz1MGs/', 0, NULL, '2026-05-05', NULL, 'สถานะ Ads: ดำเนินการเสร็จแล้ว', NULL, '', 'medium', 90, '[]'::jsonb, '[]'::jsonb, '2026-07-13T07:43:00.948Z', '2026-07-13T07:43:00.948Z'),
  ('item_v7hkw8s_72', 'cus_f83n5rg_71', 'QO-20260300007', 'IV-20260300011', 'web', 'Top Ads', 'ระยะเวลา 1 เดือน', 6000, 'published', 'not_collected', 'not_sent', 'pending', '', '', '', '', NULL, NULL, NULL, '', 0, NULL, '2026-06-11', '2026-07-11', '', NULL, '', 'medium', 90, '[]'::jsonb, '[]'::jsonb, '2026-07-13T07:43:00.948Z', '2026-07-13T07:43:00.948Z'),
  ('item_5boiaue_73', 'cus_f83n5rg_71', 'QO-20260300007', 'IV-20260300011', 'web', 'บทความทั่วไป', 'รอลูกค้าตรวจงาน', 22000, 'in_progress', 'not_collected', 'not_sent', 'pending', '', '', '', '', NULL, NULL, NULL, '', 0, NULL, NULL, NULL, '', NULL, '', 'medium', 50, '[]'::jsonb, '[]'::jsonb, '2026-07-13T07:43:00.948Z', '2026-07-13T07:43:00.948Z'),
  ('item_ykeg6rc_74', 'cus_f83n5rg_71', 'QO-20260300007', 'IV-20260300011', 'facebook', 'Post โปรโมท', 'รอลูกค้าตรวจงาน', 0, 'in_progress', 'not_collected', 'not_sent', 'pending', '20,000 การมองเห็น 100 engage', '', '', '', NULL, NULL, NULL, '', 0, NULL, NULL, NULL, '', NULL, '', 'medium', 50, '[]'::jsonb, '[]'::jsonb, '2026-07-13T07:43:00.948Z', '2026-07-13T07:43:00.948Z'),
  ('item_w0gh9r9_76', 'cus_du01vra_75', 'QO-20260100035', 'IV-20260300006', 'facebook', 'VDO 1-3 นาที', '', 91800, 'not_started', 'not_collected', 'not_sent', 'pending', '1,000 engage', '', '', '', NULL, NULL, NULL, '', 0, NULL, NULL, NULL, '', NULL, '', 'medium', 0, '[]'::jsonb, '[]'::jsonb, '2026-07-13T07:43:00.948Z', '2026-07-13T07:43:00.948Z'),
  ('item_w87pzwg_77', 'cus_du01vra_75', 'QO-20260100035', 'IV-20260300006', 'facebook', 'VDO 1-3 นาที', '', 0, 'not_started', 'not_collected', 'not_sent', 'pending', '1,000 engage', '', '', '', NULL, NULL, NULL, '', 0, NULL, NULL, NULL, '', NULL, '', 'medium', 0, '[]'::jsonb, '[]'::jsonb, '2026-07-13T07:43:00.948Z', '2026-07-13T07:43:00.948Z'),
  ('item_3orxwl0_78', 'cus_du01vra_75', 'QO-20260100035', 'IV-20260300006', 'facebook', 'VDO 1-3 นาที', '', 0, 'not_started', 'not_collected', 'not_sent', 'pending', '1,000 engage', '', '', '', NULL, NULL, NULL, '', 0, NULL, NULL, NULL, '', NULL, '', 'medium', 0, '[]'::jsonb, '[]'::jsonb, '2026-07-13T07:43:00.948Z', '2026-07-13T07:43:00.948Z'),
  ('item_w7px0kj_79', 'cus_du01vra_75', 'QO-20260100035', 'IV-20260300006', 'web', 'ปักหมุดบริษัทชั้นนำ', 'ระยะเวลา 6 เดือน', 0, 'in_progress', 'not_collected', 'not_sent', 'pending', '', '', '', '', NULL, NULL, NULL, '', 0, NULL, '2026-07-01', '2026-12-31', '', NULL, '', 'medium', 50, '[]'::jsonb, '[]'::jsonb, '2026-07-13T07:43:00.948Z', '2026-07-13T07:43:00.948Z'),
  ('item_y1x0rnn_80', 'cus_du01vra_75', 'QO-20260100035', 'IV-20260300006', 'web', 'ปักหมุดแบบบ้านยอดนิยม', 'ระยะเวลา 9 เดือน', 0, 'in_progress', 'not_collected', 'not_sent', 'pending', '', '', '', '', NULL, NULL, NULL, '', 0, NULL, '2026-04-07', '2026-11-30', '', NULL, '', 'medium', 50, '[]'::jsonb, '[]'::jsonb, '2026-07-13T07:43:00.948Z', '2026-07-13T07:43:00.948Z'),
  ('item_4zp7ulc_82', 'cus_6ujk0d4_81', 'QO-20260200009', 'IV-20260200023', 'web', 'Short VDO', '', 12000, 'published', 'not_collected', 'not_sent', 'pending', '20,000 การมองเห็น 100 engage', '15,171  การมองเห็น 144  engage', '', '', NULL, NULL, NULL, 'https://www.facebook.com/share/r/1YmdjysSRX/', 0, NULL, NULL, NULL, 'สถานะ Ads: ดำเนินการเสร็จแล้ว', NULL, '', 'medium', 90, '[]'::jsonb, '[]'::jsonb, '2026-07-13T07:43:00.948Z', '2026-07-13T07:43:00.948Z'),
  ('item_u7q949t_83', 'cus_6ujk0d4_81', 'QO-20260200009', 'IV-20260200023', 'web', 'Top Ads', 'ลูกค้ายังไม่สร้างใบประกาศ', 0, 'not_started', 'not_collected', 'not_sent', 'pending', 'ระยะเวลา 1 เดือน', '', '', '', NULL, NULL, NULL, '', 0, NULL, NULL, NULL, '', NULL, '', 'medium', 0, '[]'::jsonb, '[]'::jsonb, '2026-07-13T07:43:00.948Z', '2026-07-13T07:43:00.948Z'),
  ('item_hewdv98_84', 'cus_6ujk0d4_81', 'QO-20260200009', 'IV-20260200023', 'facebook', 'Post โปรโมท', 'รอลูกค้าส่งรูปมาให้', 4000, 'not_started', 'not_collected', 'not_sent', 'pending', '20,000 การมองเห็น 100 engage', '', '', '', NULL, NULL, NULL, '', 0, NULL, NULL, NULL, '', NULL, '', 'medium', 0, '[]'::jsonb, '[]'::jsonb, '2026-07-13T07:43:00.948Z', '2026-07-13T07:43:00.948Z'),
  ('item_laptckm_86', 'cus_z1xw2xk_85', 'QO-20260200008', 'IV-20260200020', 'web', 'โครงการแนะนำ', 'ระยะเวลา 3 เดือน', 36000, 'not_started', 'not_collected', 'not_sent', 'pending', '', '', '', '', NULL, NULL, NULL, '', 0, NULL, NULL, NULL, '', NULL, '', 'medium', 0, '[]'::jsonb, '[]'::jsonb, '2026-07-13T07:43:00.948Z', '2026-07-13T07:43:00.948Z'),
  ('item_a5x7wr0_87', 'cus_z1xw2xk_85', 'QO-20260200008', 'IV-20260200020', 'web', 'Top Ads', 'ระยะเวลา 3 เดือน', 12000, 'in_progress', 'not_collected', 'not_sent', 'pending', '', '', '', '', NULL, NULL, NULL, '', 0, NULL, '2026-03-31', '2026-06-30', '', NULL, '', 'medium', 50, '[]'::jsonb, '[]'::jsonb, '2026-07-13T07:43:00.948Z', '2026-07-13T07:43:00.948Z'),
  ('item_f2v7nxl_88', 'cus_z1xw2xk_85', 'QO-20260200008', 'IV-20260200020', 'web', 'VR360', '', 2500, 'done', 'achieved', 'not_sent', 'pending', '', '', '', '', NULL, NULL, NULL, 'https://my.matterport.com/show/?m=2CMsWKV2PmE', 0, NULL, NULL, NULL, '', NULL, '', 'medium', 100, '[]'::jsonb, '[]'::jsonb, '2026-07-13T07:43:00.948Z', '2026-07-13T07:43:00.948Z'),
  ('item_swlep6y_90', 'cus_jtimpex_89', 'QO-20260300015', 'IV-20260300017', 'web', 'VR360', '', 5500, 'done', 'achieved', 'not_sent', 'pending', '', '', '', '', NULL, NULL, NULL, 'https://my.matterport.com/show/?m=4sxAJYVFQ8a', 0, NULL, NULL, NULL, '', NULL, '', 'medium', 100, '[]'::jsonb, '[]'::jsonb, '2026-07-13T07:43:00.948Z', '2026-07-13T07:43:00.948Z'),
  ('item_hjb71xb_91', 'cus_jtimpex_89', 'QO-20260300015', 'IV-20260300017', 'web', 'Top Ads', 'ระยะเวลา 6 เดือน', 18000, 'in_progress', 'not_collected', 'not_sent', 'pending', '', '', '', '', NULL, NULL, NULL, '', 0, NULL, '2026-03-31', '2026-09-30', '', NULL, '', 'medium', 50, '[]'::jsonb, '[]'::jsonb, '2026-07-13T07:43:00.948Z', '2026-07-13T07:43:00.948Z'),
  ('item_cpjy2m6_93', 'cus_e9hcxqv_92', 'QO-20260300010', 'IV-20260300015', 'web', 'VDO 7-15 นาที', '', 39500, 'not_started', 'not_collected', 'not_sent', 'pending', '1,000 engage', '', '', '', NULL, NULL, NULL, '', 0, NULL, NULL, NULL, '', NULL, '', 'medium', 0, '[]'::jsonb, '[]'::jsonb, '2026-07-13T07:43:00.948Z', '2026-07-13T07:43:00.948Z'),
  ('item_2avuzq3_94', 'cus_e9hcxqv_92', 'QO-20260300010', 'IV-20260300015', 'web', 'บทความ AIO', '', 0, 'published', 'not_collected', 'not_sent', 'pending', 'ติด AIO', 'ติด AIO', '', '', NULL, NULL, NULL, 'https://nayoo.co/blogs/khonkaen/homelo-nong-phai?fbclid=IwY2xjawSdsphleHRuA2FlbQIxMABicmlkETFpeFZqZ3BzTUNEZG5mclprc3J0YwZhcHBfaWQQMjIyMDM5MTc4ODIwMDg5MgABHh7rwkW_RVcfi8-tINnyEcBwYe4noYALX2aFVPBstEaC6J1kBtXpyT2kIuXW_aem_q9xz_vpv14j5VlM-zIkRkQ', 0, NULL, '2026-06-09', NULL, '', NULL, '', 'medium', 90, '[]'::jsonb, '[]'::jsonb, '2026-07-13T07:43:00.948Z', '2026-07-13T07:43:00.948Z'),
  ('item_h0kquys_95', 'cus_e9hcxqv_92', 'QO-20260300010', 'IV-20260300015', 'facebook', 'Post โปรโมท', '', 0, 'published', 'not_collected', 'not_sent', 'pending', '20,000 การมองเห็น 100 engage', '', '', '', NULL, NULL, NULL, 'https://www.facebook.com/share/p/192L9egTon/', 0, NULL, '2026-06-09', NULL, '', NULL, '', 'medium', 90, '[]'::jsonb, '[]'::jsonb, '2026-07-13T07:43:00.948Z', '2026-07-13T07:43:00.948Z'),
  ('item_izy64tr_96', 'cus_e9hcxqv_92', 'QO-20260300010', 'IV-20260300015', 'web', 'บทความทั่วไป', '', 0, 'not_started', 'not_collected', 'not_sent', 'pending', '', '', '', '', NULL, NULL, NULL, '', 0, NULL, NULL, NULL, '', NULL, '', 'medium', 0, '[]'::jsonb, '[]'::jsonb, '2026-07-13T07:43:00.948Z', '2026-07-13T07:43:00.948Z'),
  ('item_s1h4825_97', 'cus_e9hcxqv_92', 'QO-20260300010', 'IV-20260300015', 'facebook', 'Post โปรโมท', 'รีวิวแบบบ้าน', 12000, 'not_started', 'not_collected', 'not_sent', 'pending', '', '', '', '', NULL, NULL, NULL, '', 0, NULL, NULL, NULL, '', NULL, '', 'medium', 0, '[]'::jsonb, '[]'::jsonb, '2026-07-13T07:43:00.948Z', '2026-07-13T07:43:00.948Z'),
  ('item_phm6wba_98', 'cus_e9hcxqv_92', 'QO-20260300010', 'IV-20260300015', 'web', 'Top Banner', '', 0, 'published', 'not_collected', 'not_sent', 'pending', '', '', '', '', NULL, NULL, NULL, '', 0, NULL, '2026-07-07', '2026-10-07', '', NULL, '', 'medium', 90, '[]'::jsonb, '[]'::jsonb, '2026-07-13T07:43:00.948Z', '2026-07-13T07:43:00.948Z'),
  ('item_dhn1pjz_99', 'cus_e9hcxqv_92', 'QO-20260300010', 'IV-20260300015', 'web', 'ปักหมุด VDO', '', 0, 'not_started', 'not_collected', 'not_sent', 'pending', '', '', '', '', NULL, NULL, NULL, '', 0, NULL, NULL, NULL, '', NULL, '', 'medium', 0, '[]'::jsonb, '[]'::jsonb, '2026-07-13T07:43:00.948Z', '2026-07-13T07:43:00.948Z'),
  ('item_66avhv5_100', 'cus_e9hcxqv_92', 'QO-20260300010', 'IV-20260300015', 'web', 'Top Ads', 'ระยะเวลา 12 เดือน เริ่ม ต.ค 69 - ต.ค 70', 36000, 'not_started', 'not_collected', 'not_sent', 'pending', '', '', '', '', NULL, NULL, NULL, '', 0, NULL, NULL, NULL, '', NULL, '', 'medium', 0, '[]'::jsonb, '[]'::jsonb, '2026-07-13T07:43:00.948Z', '2026-07-13T07:43:00.948Z'),
  ('item_yh4dhel_101', 'cus_e9hcxqv_92', 'QO-20260300010', 'IV-20260300015', 'web', 'Top Ads', 'โครงการเปิดตัวใหม่ ระยะเวลา 3 เดือน ส.ค - ต.ค', 12000, 'not_started', 'not_collected', 'not_sent', 'pending', '', '', '', '', NULL, NULL, NULL, '', 0, NULL, NULL, NULL, '', NULL, '', 'medium', 0, '[]'::jsonb, '[]'::jsonb, '2026-07-13T07:43:00.948Z', '2026-07-13T07:43:00.948Z'),
  ('item_v8ej68s_102', 'cus_e9hcxqv_92', 'QO-20260300010', 'IV-20260300015', 'facebook', 'Post โปรโมท', 'โครงการใหม่ พร้อมภาพประกอบ 4-5 (ไม่รวมถ่ายภาพ)', 0, 'not_started', 'not_collected', 'not_sent', 'pending', '20,000 การมองเห็น 100 engage', '', '', '', NULL, NULL, NULL, '', 0, NULL, NULL, NULL, '', NULL, '', 'medium', 0, '[]'::jsonb, '[]'::jsonb, '2026-07-13T07:43:00.948Z', '2026-07-13T07:43:00.948Z'),
  ('item_kohol5u_103', 'cus_e9hcxqv_92', 'QO-20260300010', 'IV-20260300015', 'facebook', 'Short VDO', 'Footage 5 คลิป (โลเคชั่น แบบบ้าน club house)', 6000, 'not_started', 'not_collected', 'not_sent', 'pending', '20,000 การมองเห็น 100 engage', '', '', '', NULL, NULL, NULL, '', 0, NULL, NULL, NULL, '', NULL, '', 'medium', 0, '[]'::jsonb, '[]'::jsonb, '2026-07-13T07:43:00.948Z', '2026-07-13T07:43:00.948Z'),
  ('item_wr14r4d_104', 'cus_e9hcxqv_92', 'QO-20260300010', 'IV-20260300015', 'web', 'Pop-up Banner', 'แบ่งใช้ 2 รอบ (รวม 1 เดือน )1-15 ตุลา และ 1-15 พ.ย', 14000, 'not_started', 'not_collected', 'not_sent', 'pending', '', '', '', '', NULL, NULL, NULL, '', 0, NULL, NULL, NULL, '', NULL, '', 'medium', 0, '[]'::jsonb, '[]'::jsonb, '2026-07-13T07:43:00.948Z', '2026-07-13T07:43:00.948Z'),
  ('item_kqf5sa6_106', 'cus_vrj8uv4_105', 'QO-20260300014', 'IV-20260300013', 'web', 'บทความ AIO', '', 25000, 'published', 'not_collected', 'not_sent', 'pending', 'ติด Aio', '', '', '', NULL, NULL, NULL, 'https://nayoo.co/khonkaen/blogs/namsai-ville', 0, NULL, '2026-05-07', NULL, '', NULL, '', 'medium', 90, '[]'::jsonb, '[]'::jsonb, '2026-07-13T07:43:00.948Z', '2026-07-13T07:43:00.948Z'),
  ('item_rtljlw3_107', 'cus_vrj8uv4_105', 'QO-20260300014', 'IV-20260300013', 'facebook', 'Post โปรโมท', '', 0, 'published', 'not_collected', 'not_sent', 'pending', '20,000 การมองเห็น 100 engagement', '', '', '', NULL, NULL, NULL, 'https://www.facebook.com/share/p/1EsZZAG9xz/', 0, NULL, '2026-05-07', NULL, 'สถานะ Ads: ดำเนินการเสร็จแล้ว', NULL, '', 'medium', 90, '[]'::jsonb, '[]'::jsonb, '2026-07-13T07:43:00.948Z', '2026-07-13T07:43:00.948Z'),
  ('item_dr8vyjv_108', 'cus_vrj8uv4_105', 'QO-20260300014', 'IV-20260300013', 'web', 'Top Ads', 'ระยะเวลา 6 เดือน', 0, 'published', 'not_collected', 'not_sent', 'pending', '', '', '', '', NULL, NULL, NULL, '', 0, NULL, '2026-05-18', '2026-11-18', '', NULL, '', 'medium', 90, '[]'::jsonb, '[]'::jsonb, '2026-07-13T07:43:00.948Z', '2026-07-13T07:43:00.948Z'),
  ('item_f2w2wkq_110', 'cus_ov4q96s_109', 'QO-20260300008', 'IV-20260300012', 'web', 'บทความทั่วไป', '', 12000, 'in_progress', 'not_collected', 'not_sent', 'pending', '', '', '', '', NULL, NULL, NULL, '', 0, NULL, NULL, NULL, '', NULL, '', 'medium', 50, '[]'::jsonb, '[]'::jsonb, '2026-07-13T07:43:00.948Z', '2026-07-13T07:43:00.948Z'),
  ('item_533r1qs_111', 'cus_ov4q96s_109', 'QO-20260300008', 'IV-20260300012', 'facebook', 'Post โปรโมท', '', 0, 'not_started', 'not_collected', 'not_sent', 'pending', '20,000 การมองเห็น 100 engagement', '', '', '', NULL, NULL, NULL, '', 0, NULL, NULL, NULL, '', NULL, '', 'medium', 0, '[]'::jsonb, '[]'::jsonb, '2026-07-13T07:43:00.948Z', '2026-07-13T07:43:00.948Z'),
  ('item_mgh6xr6_112', 'cus_ov4q96s_109', 'QO-20260300008', 'IV-20260300012', 'web', 'Top Ads', 'บริษัทรับสร้างบ้านชั้นนำ ระยะเวลา 1 เดือน', 0, 'not_started', 'not_collected', 'not_sent', 'pending', '', '', '', '', NULL, NULL, NULL, '', 0, NULL, NULL, NULL, '', NULL, '', 'medium', 0, '[]'::jsonb, '[]'::jsonb, '2026-07-13T07:43:00.948Z', '2026-07-13T07:43:00.948Z'),
  ('item_1ofyw1c_113', 'cus_ov4q96s_109', 'QO-20260300008', 'IV-20260300012', 'web', 'Top Ads', 'แบบบ้านยอดนิยม 5 แบบบ้าน ระยะเวลา 1 เดือน', 0, 'not_started', 'not_collected', 'not_sent', 'pending', '', '', '', '', NULL, NULL, NULL, '', 0, NULL, NULL, NULL, '', NULL, '', 'medium', 0, '[]'::jsonb, '[]'::jsonb, '2026-07-13T07:43:00.948Z', '2026-07-13T07:43:00.948Z'),
  ('item_defaqc7_115', 'cus_m6m4rjv_114', 'QO-20260400005', 'IV-20260400004', 'web', 'บทความ AIO', '', 30000, 'published', 'not_collected', 'not_sent', 'pending', 'ติด aio', '', '', '', NULL, NULL, NULL, 'https://nayoo.co/blogs/udon/mind-home-builder', 0, NULL, '2026-06-12', NULL, '', NULL, '', 'medium', 90, '[]'::jsonb, '[]'::jsonb, '2026-07-13T07:43:00.948Z', '2026-07-13T07:43:00.948Z'),
  ('item_6vfza9k_116', 'cus_m6m4rjv_114', 'QO-20260400005', 'IV-20260400004', 'facebook', 'Post โปรโมท', '', 0, 'published', 'not_collected', 'not_sent', 'pending', '20,000 การมองเห็น 100 engagement', '', '', '', NULL, NULL, NULL, 'https://www.facebook.com/share/p/18G4ugfrSy/', 0, NULL, '2026-06-12', NULL, 'สถานะ Ads: กำลังดำเนินการ', NULL, '', 'medium', 90, '[]'::jsonb, '[]'::jsonb, '2026-07-13T07:43:00.948Z', '2026-07-13T07:43:00.948Z'),
  ('item_aimjoep_117', 'cus_m6m4rjv_114', 'QO-20260400005', 'IV-20260400004', 'web', 'Top Ads', 'บริษัทรับสร้างบ้านชั้นนำ ระยะเวลา 3 เดือน', 0, 'published', 'not_collected', 'not_sent', 'pending', '', '', '', '', NULL, NULL, NULL, '', 0, NULL, '2026-06-12', '2026-09-13', '', NULL, '', 'medium', 90, '[]'::jsonb, '[]'::jsonb, '2026-07-13T07:43:00.948Z', '2026-07-13T07:43:00.948Z'),
  ('item_3pbj5iy_118', 'cus_m6m4rjv_114', 'QO-20260400005', 'IV-20260400004', 'web', 'Top Ads', 'แบบบ้านยอดนิยม 5 แบบบ้าน ระยะเวลา 3 เดือน', 0, 'published', 'not_collected', 'not_sent', 'pending', '', '', '', '', NULL, NULL, NULL, '', 0, NULL, '2026-07-03', '2026-10-03', '', NULL, '', 'medium', 90, '[]'::jsonb, '[]'::jsonb, '2026-07-13T07:43:00.948Z', '2026-07-13T07:43:00.948Z'),
  ('item_udd77dk_120', 'cus_73b02bx_119', 'QO-20260400003', 'IV-20260400003', 'web', 'บทความ AIO', '', 32000, 'published', 'not_collected', 'not_sent', 'pending', 'ติด aio', '', '', '', NULL, NULL, NULL, 'https://nayoo.co/blogs/ubon/maharungroj-home-bulider-udon', 0, NULL, '2026-06-08', NULL, '', NULL, '', 'medium', 90, '[]'::jsonb, '[]'::jsonb, '2026-07-13T07:43:00.948Z', '2026-07-13T07:43:00.948Z'),
  ('item_f027j9a_121', 'cus_73b02bx_119', 'QO-20260400003', 'IV-20260400003', 'facebook', 'Post โปรโมท', '', 0, 'published', 'not_collected', 'not_sent', 'pending', '20,000 การมองเห็น 100 engagement', '', '', '', NULL, NULL, NULL, 'https://www.facebook.com/share/p/1AvhMpkMo5/', 0, NULL, '2026-06-08', NULL, 'สถานะ Ads: กำลังดำเนินการ', NULL, '', 'medium', 90, '[]'::jsonb, '[]'::jsonb, '2026-07-13T07:43:00.948Z', '2026-07-13T07:43:00.948Z'),
  ('item_h6opwo9_122', 'cus_73b02bx_119', 'QO-20260400003', 'IV-20260400003', 'web', 'Top Ads', 'บริษัทรับสร้างบ้านชั้นนำ  ระยะเวลา 3 เดือน', 0, 'published', 'not_collected', 'not_sent', 'pending', '', '', '', '', NULL, NULL, NULL, '', 0, NULL, '2026-06-12', '2026-09-13', '', NULL, '', 'medium', 90, '[]'::jsonb, '[]'::jsonb, '2026-07-13T07:43:00.948Z', '2026-07-13T07:43:00.948Z'),
  ('item_aiqo34e_123', 'cus_73b02bx_119', 'QO-20260400003', 'IV-20260400003', 'web', 'Top Ads', 'แบบบ้านยอดนิยม 5 แบบบ้าน   ระยะเวลา 3 เดือน', 0, 'published', 'not_collected', 'not_sent', 'pending', '', '', '', '', NULL, NULL, NULL, '', 0, NULL, '2026-07-03', '2026-09-03', '', NULL, '', 'medium', 90, '[]'::jsonb, '[]'::jsonb, '2026-07-13T07:43:00.948Z', '2026-07-13T07:43:00.948Z'),
  ('item_130kh1x_124', 'cus_73b02bx_119', 'QO-20260600017', 'ยังไม่มีข้อมูล', 'facebook', 'VDO 1-3 นาที', '', 36000, 'not_started', 'not_collected', 'not_sent', 'pending', '20,000 การมองเห็น 100 engagement', '', '', '', NULL, NULL, NULL, '', 0, NULL, NULL, NULL, '', NULL, '', 'medium', 0, '[]'::jsonb, '[]'::jsonb, '2026-07-13T07:43:00.948Z', '2026-07-13T07:43:00.948Z'),
  ('item_sjnqv5a_125', 'cus_73b02bx_119', 'QO-20260600016', '', 'facebook', 'Short VDO', '', 0, 'not_started', 'not_collected', 'not_sent', 'pending', '20,000 การมองเห็น 100 engagement', '', '', '', NULL, NULL, NULL, '', 0, NULL, NULL, NULL, '', NULL, '', 'medium', 0, '[]'::jsonb, '[]'::jsonb, '2026-07-13T07:43:00.948Z', '2026-07-13T07:43:00.948Z'),
  ('item_nzyeckw_126', 'cus_73b02bx_119', 'QO-20260600014', '', 'web', 'Top Banner', 'ระยะเวลา 1 เดือน', 0, 'not_started', 'not_collected', 'not_sent', 'pending', '', '', '', '', NULL, NULL, NULL, '', 0, NULL, NULL, NULL, '', NULL, '', 'medium', 0, '[]'::jsonb, '[]'::jsonb, '2026-07-13T07:43:00.948Z', '2026-07-13T07:43:00.948Z'),
  ('item_52pw50f_127', 'cus_73b02bx_119', 'QO-20260600015', '', 'web', 'ปักหมุด VDO', 'ระยะเวลา 1 เดือน', 0, 'not_started', 'not_collected', 'not_sent', 'pending', '', '', '', '', NULL, NULL, NULL, '', 0, NULL, NULL, NULL, '', NULL, '', 'medium', 0, '[]'::jsonb, '[]'::jsonb, '2026-07-13T07:43:00.948Z', '2026-07-13T07:43:00.948Z'),
  ('item_oxw9rpc_128', 'cus_73b02bx_119', 'QO-20260600016', '', 'web', 'ปักหมุดบริษัทชั้นนำ', 'ระยะเวลา มิ.ย - ธ.ค', 0, 'published', 'not_collected', 'not_sent', 'pending', '', '', '', '', NULL, NULL, NULL, '', 0, NULL, '2026-06-12', '2027-12-31', '', NULL, '', 'medium', 90, '[]'::jsonb, '[]'::jsonb, '2026-07-13T07:43:00.948Z', '2026-07-13T07:43:00.948Z'),
  ('item_n1gbpi1_130', 'cus_b6n08pj_129', 'QO-20260300005', 'IV-20260300014', 'web', 'บทความ AIO', '', 25000, 'in_progress', 'not_collected', 'not_sent', 'pending', 'ติด aio', '', '', '', NULL, NULL, NULL, '', 0, NULL, NULL, NULL, '', NULL, '', 'medium', 50, '[]'::jsonb, '[]'::jsonb, '2026-07-13T07:43:00.948Z', '2026-07-13T07:43:00.948Z'),
  ('item_yguytj5_131', 'cus_b6n08pj_129', 'QO-20260300005', 'IV-20260300014', 'facebook', 'Post โปรโมท', '', 0, 'in_progress', 'not_collected', 'not_sent', 'pending', '20,000 การมองเห็น 100 engagement', '', '', '', NULL, NULL, NULL, '', 0, NULL, NULL, NULL, '', NULL, '', 'medium', 50, '[]'::jsonb, '[]'::jsonb, '2026-07-13T07:43:00.948Z', '2026-07-13T07:43:00.948Z'),
  ('item_6ung7tr_132', 'cus_b6n08pj_129', 'QO-20260300005', 'IV-20260300014', 'web', 'Top Ads', 'บริษัทรับสร้างบ้านชั้นนำ ระยะเวลา 5 เดือน', 0, 'in_progress', 'not_collected', 'not_sent', 'pending', '', '', '', '', NULL, NULL, NULL, '', 0, NULL, '2026-03-04', '2026-07-04', '', NULL, '', 'medium', 50, '[]'::jsonb, '[]'::jsonb, '2026-07-13T07:43:00.948Z', '2026-07-13T07:43:00.948Z'),
  ('item_cky2luz_133', 'cus_b6n08pj_129', 'QO-20260300005', 'IV-20260300014', 'web', 'Top Ads', 'โปรไฟล์พรีเมี่ยม ระยะเวลา 3 เดือน', 0, 'in_progress', 'not_collected', 'not_sent', 'pending', '', '', '', '', NULL, NULL, NULL, '', 0, NULL, '2026-04-07', '2026-07-08', '', NULL, '', 'medium', 50, '[]'::jsonb, '[]'::jsonb, '2026-07-13T07:43:00.948Z', '2026-07-13T07:43:00.948Z'),
  ('item_cgy09us_134', 'cus_b6n08pj_129', 'QO-20260300005', 'IV-20260300014', 'facebook', 'VDO 1-3 นาที', 'สัมภาษณ์ผู้บริหาร', 36000, 'in_progress', 'not_collected', 'not_sent', 'pending', '1,000 engagement', '', '', '', NULL, NULL, NULL, '', 0, NULL, NULL, NULL, '', NULL, '', 'medium', 50, '[]'::jsonb, '[]'::jsonb, '2026-07-13T07:43:00.948Z', '2026-07-13T07:43:00.948Z'),
  ('item_613l6a5_135', 'cus_b6n08pj_129', 'QO-20260600012', 'ยังไม่มีข้อมูล', 'web', 'Super Top ads', 'ระยะเวลา 3 เดือน', 12000, 'in_progress', 'not_collected', 'not_sent', 'pending', '', '', '', '', NULL, NULL, NULL, '', 0, NULL, '2026-06-24', '2026-09-25', '', NULL, '', 'medium', 50, '[]'::jsonb, '[]'::jsonb, '2026-07-13T07:43:00.948Z', '2026-07-13T07:43:00.948Z'),
  ('item_u72oxqb_136', 'cus_b6n08pj_129', 'QO-20260600012', '', 'web', 'Top Banner', 'ระยะเวลา 1 เดือน', 24000, 'in_progress', 'not_collected', 'not_sent', 'pending', '', '', '', '', NULL, NULL, NULL, '', 0, NULL, '2026-06-29', '2026-07-31', '', NULL, '', 'medium', 50, '[]'::jsonb, '[]'::jsonb, '2026-07-13T07:43:00.948Z', '2026-07-13T07:43:00.948Z'),
  ('item_1rb5bva_137', 'cus_b6n08pj_129', 'QO-20260600012', '', 'web', 'Insert Card', 'ระยะเวลา 1 เดือน', 6000, 'in_progress', 'not_collected', 'not_sent', 'pending', '', '', '', '', NULL, NULL, NULL, '', 0, NULL, '2026-06-29', '2026-07-31', '', NULL, '', 'medium', 50, '[]'::jsonb, '[]'::jsonb, '2026-07-13T07:43:00.948Z', '2026-07-13T07:43:00.948Z'),
  ('item_qz4f35s_139', 'cus_f17p8uo_138', 'QO-20260300011', 'IV-20260400008', 'facebook', 'VDO 7-15 นาที', 'มีพิธีกร', 39000, 'not_started', 'not_collected', 'not_sent', 'pending', '1,000 engagement', '', '', '', NULL, NULL, NULL, '', 0, NULL, NULL, NULL, '', NULL, '', 'medium', 0, '[]'::jsonb, '[]'::jsonb, '2026-07-13T07:43:00.948Z', '2026-07-13T07:43:00.948Z'),
  ('item_n1lijey_140', 'cus_f17p8uo_138', 'QO-20260300011', 'IV-20260400008', 'web', 'Top Ads', 'เปิดตัวโครงการใหม่ ระยะเวลา 3 เดือน', 0, 'in_progress', 'not_collected', 'not_sent', 'pending', '', '', '', '', NULL, NULL, NULL, '', 0, NULL, '2026-05-01', '2026-07-31', '', NULL, '', 'medium', 50, '[]'::jsonb, '[]'::jsonb, '2026-07-13T07:43:00.948Z', '2026-07-13T07:43:00.948Z'),
  ('item_r70hfag_141', 'cus_f17p8uo_138', 'QO-20260300011', 'IV-20260400008', 'web', 'บทความทั่วไป', 'เปิดตัวโครงการใหม่', 0, 'in_progress', 'not_collected', 'not_sent', 'pending', '', '', '', '', NULL, NULL, NULL, 'https://nayoo.co/.../supalai-grandville-srichan-airport', 0, NULL, NULL, NULL, '', NULL, '', 'medium', 50, '[]'::jsonb, '[]'::jsonb, '2026-07-13T07:43:00.948Z', '2026-07-13T07:43:00.948Z'),
  ('item_37inchl_142', 'cus_f17p8uo_138', 'QO-20260300011', 'IV-20260400008', 'facebook', 'Post โปรโมท', '', 4500, 'in_progress', 'not_collected', 'not_sent', 'pending', '20,000 การมองเห็น 100 engagement', '', '', '', NULL, NULL, NULL, 'https://www.facebook.com/share/p/1DTGcSwHWr/', 0, NULL, NULL, NULL, '', NULL, '', 'medium', 50, '[]'::jsonb, '[]'::jsonb, '2026-07-13T07:43:00.948Z', '2026-07-13T07:43:00.948Z'),
  ('item_bf76yty_143', 'cus_f17p8uo_138', 'QO-20260300011', 'IV-20260400008', 'web', 'ปักหมุด VDO', '', 0, 'not_started', 'not_collected', 'not_sent', 'pending', '', '', '', '', NULL, NULL, NULL, '', 0, NULL, NULL, NULL, '', NULL, '', 'medium', 0, '[]'::jsonb, '[]'::jsonb, '2026-07-13T07:43:00.948Z', '2026-07-13T07:43:00.948Z'),
  ('item_fk4gkxc_144', 'cus_f17p8uo_138', 'QO-20260300011', 'IV-20260400008', 'facebook', 'Post โปรโมท', '', 0, 'published', 'not_collected', 'not_sent', 'pending', '20,000 การมองเห็น 100 engagement', '', '', '', NULL, NULL, NULL, 'https://www.facebook.com/share/p/1MiDPxJJ8U/', 0, NULL, '2026-06-30', NULL, '', NULL, '', 'medium', 90, '[]'::jsonb, '[]'::jsonb, '2026-07-13T07:43:00.948Z', '2026-07-13T07:43:00.948Z'),
  ('item_f7s365y_145', 'cus_f17p8uo_138', 'QO-20260300011', 'IV-20260400008', 'facebook', 'Short VDO', 'โปรโมทโครงการ', 6000, 'not_started', 'not_collected', 'not_sent', 'pending', '20,000 การมองเห็น 100 engagement', '', '', '', NULL, NULL, NULL, '', 0, NULL, NULL, NULL, '', NULL, '', 'medium', 0, '[]'::jsonb, '[]'::jsonb, '2026-07-13T07:43:00.948Z', '2026-07-13T07:43:00.948Z'),
  ('item_qbj9l12_146', 'cus_f17p8uo_138', 'QO-20260300011', 'IV-20260400008', 'facebook', 'Short VDO', 'โปรโมทพรีเซลล์', 0, 'published', 'not_collected', 'not_sent', 'pending', '20,000 การมองเห็น 100 engagement', '', '', '', NULL, NULL, NULL, 'https://www.facebook.com/share/r/1BZC5gvsTv/', 0, NULL, NULL, NULL, 'สถานะ Ads: ดำเนินการเสร็จแล้ว', NULL, '', 'medium', 90, '[]'::jsonb, '[]'::jsonb, '2026-07-13T07:43:00.948Z', '2026-07-13T07:43:00.948Z'),
  ('item_xz1olbl_147', 'cus_f17p8uo_138', 'QO-20260300011', 'IV-20260400008', 'web', 'Pop-up Banner', 'ระยะเวลา 1 เดือน', 9000, 'published', 'not_collected', 'not_sent', 'pending', '', '', '', '', NULL, NULL, NULL, '', 0, NULL, '2026-05-08', '2026-06-09', '', NULL, '', 'medium', 90, '[]'::jsonb, '[]'::jsonb, '2026-07-13T07:43:00.948Z', '2026-07-13T07:43:00.948Z'),
  ('item_3d7dfw2_148', 'cus_f17p8uo_138', 'QO-20260300011', 'IV-20260400008', 'web', 'Top Banner', 'ระยะเวลา 3 เดือน', 36000, 'published', 'not_collected', 'not_sent', 'pending', '', '', '', '', NULL, NULL, NULL, '', 0, NULL, '2026-04-30', '2026-07-31', '', NULL, '', 'medium', 90, '[]'::jsonb, '[]'::jsonb, '2026-07-13T07:43:00.948Z', '2026-07-13T07:43:00.948Z'),
  ('item_75xzwox_150', 'cus_gcsskv6_149', 'QO-20260400004', 'IV-20260400006', 'web', 'Pop-up Banner', 'ระยะเวลา 7 วัน', 8000, 'published', 'not_collected', 'not_sent', 'pending', '', '', '', '', NULL, NULL, NULL, '', 0, NULL, '2026-05-01', '2026-05-07', '', NULL, '', 'medium', 90, '[]'::jsonb, '[]'::jsonb, '2026-07-13T07:43:00.948Z', '2026-07-13T07:43:00.948Z'),
  ('item_z0nc2pa_151', 'cus_gcsskv6_149', 'QO-20260400004', 'IV-20260400006', 'web', 'Top Ads', 'ระยะเวลา 3 เดือน', 12000, 'published', 'not_collected', 'not_sent', 'pending', '', '', '', '', NULL, NULL, NULL, '', 0, NULL, '2026-04-16', '2026-07-17', '', NULL, '', 'medium', 90, '[]'::jsonb, '[]'::jsonb, '2026-07-13T07:43:00.948Z', '2026-07-13T07:43:00.948Z'),
  ('item_45xgbjp_153', 'cus_7t7i1pk_152', 'QO-20260400022', '', 'facebook', 'VDO 1-3 นาที', '', NULL, 'published', 'not_collected', 'not_sent', 'pending', '1,000 engagement', '', '', '', NULL, NULL, NULL, 'https://www.facebook.com/share/v/18r3hjotyD/', 0, NULL, NULL, NULL, 'สถานะ Ads: กำลังดำเนินการ', NULL, '', 'medium', 90, '[]'::jsonb, '[]'::jsonb, '2026-07-13T07:43:00.948Z', '2026-07-13T07:43:00.948Z'),
  ('item_to2q8bm_154', 'cus_7t7i1pk_152', 'QO-20260400022', '', 'web', 'บทความทั่วไป', '', NULL, 'published', 'not_collected', 'not_sent', 'pending', '', '', '', '', NULL, NULL, NULL, 'https://nayoo.co/blogs/khonkaen/origin-place-khonkaen-kanlapaphruek', 0, NULL, NULL, NULL, '', NULL, '', 'medium', 90, '[]'::jsonb, '[]'::jsonb, '2026-07-13T07:43:00.948Z', '2026-07-13T07:43:00.948Z'),
  ('item_t0q5wog_155', 'cus_7t7i1pk_152', 'QO-20260400022', '', 'facebook', 'Post โปรโมท', '', NULL, 'published', 'not_collected', 'not_sent', 'pending', '20,000 การมองเห็น 100 engagement', '', '', '', NULL, NULL, NULL, 'https://www.facebook.com/share/p/1BJPmyyrcX/', 0, NULL, NULL, NULL, 'สถานะ Ads: ดำเนินการเสร็จแล้ว', NULL, '', 'medium', 90, '[]'::jsonb, '[]'::jsonb, '2026-07-13T07:43:00.948Z', '2026-07-13T07:43:00.948Z'),
  ('item_c2qtxq4_156', 'cus_7t7i1pk_152', 'QO-20260400022', '', 'facebook', 'Top Ads', 'ระยะเวลา 3 เดือน', NULL, 'in_progress', 'not_collected', 'not_sent', 'pending', '', '', '', '', NULL, NULL, NULL, '', 0, NULL, '2026-05-13', '2026-08-14', '', NULL, '', 'medium', 50, '[]'::jsonb, '[]'::jsonb, '2026-07-13T07:43:00.948Z', '2026-07-13T07:43:00.948Z'),
  ('item_q8l4r76_157', 'cus_7t7i1pk_152', 'QO-20260400022', '', 'facebook', 'Short VDO', '', NULL, 'published', 'not_collected', 'not_sent', 'pending', '20,000 การมองเห็น 100 engagement', '', '', '', NULL, NULL, NULL, 'https://www.facebook.com/share/r/14mobMSoMZK/', 0, NULL, NULL, NULL, 'สถานะ Ads: ดำเนินการเสร็จแล้ว', NULL, '', 'medium', 90, '[]'::jsonb, '[]'::jsonb, '2026-07-13T07:43:00.948Z', '2026-07-13T07:43:00.948Z'),
  ('item_bosetrg_158', 'cus_7t7i1pk_152', 'QO-20260400022', '', 'web', 'Top Banner', 'ระยะเวลา 1 เดือน', NULL, 'published', 'not_collected', 'not_sent', 'pending', '', '', '', '', NULL, NULL, NULL, '', 0, NULL, '2026-05-13', '2026-06-14', '', NULL, '', 'medium', 90, '[]'::jsonb, '[]'::jsonb, '2026-07-13T07:43:00.948Z', '2026-07-13T07:43:00.948Z'),
  ('item_v4vbj8a_160', 'cus_68tt6x2_159', 'QO-20260400018', 'IV-20260400009', 'web', 'บทความ AIO', '', 25000, 'published', 'not_collected', 'not_sent', 'pending', 'ติด Aio', '', '', '', NULL, NULL, NULL, 'https://nayoo.co/blogs/khonkaen/thai-pipat-hardware', 0, '2026-07-01', NULL, NULL, '', NULL, '', 'medium', 90, '[]'::jsonb, '[]'::jsonb, '2026-07-13T07:43:00.948Z', '2026-07-13T07:43:00.948Z'),
  ('item_fnuw7bu_162', 'cus_a9aljx7_161', 'RT-20260400016', '', 'web', 'บทความ AIO', '', NULL, 'published', 'not_collected', 'not_sent', 'pending', 'ติด AIO', '', '', '', NULL, NULL, NULL, 'https://nayoo.co/blogs/khonkaen/b-house-builder', 0, NULL, '2026-06-09', NULL, '', NULL, '', 'medium', 90, '[]'::jsonb, '[]'::jsonb, '2026-07-13T07:43:00.948Z', '2026-07-13T07:43:00.948Z'),
  ('item_xrf1oxa_164', 'cus_ys97mcx_163', 'QO-20260400026', 'IV-20260400017', 'web', 'บทความ AIO', '', 32000, 'published', 'not_collected', 'not_sent', 'pending', 'ติด Aio', '', '', '', NULL, NULL, NULL, 'https://nayoo.co/blogs/khonkaen/s-house-design-2', 0, NULL, NULL, NULL, '', NULL, '', 'medium', 90, '[]'::jsonb, '[]'::jsonb, '2026-07-13T07:43:00.948Z', '2026-07-13T07:43:00.948Z'),
  ('item_51z182d_165', 'cus_ys97mcx_163', 'QO-20260400026', 'IV-20260400017', 'web', 'Post โปรโมท', '', 0, 'published', 'not_collected', 'not_sent', 'pending', '20,000 การมองเห็น 100 engagement', '', '', '', NULL, NULL, NULL, 'https://www.facebook.com/share/p/1EBpscXh6N/', 0, NULL, NULL, NULL, 'สถานะ Ads: ดำเนินการเสร็จแล้ว', NULL, '', 'medium', 90, '[]'::jsonb, '[]'::jsonb, '2026-07-13T07:43:00.948Z', '2026-07-13T07:43:00.948Z'),
  ('item_5wxjn6a_166', 'cus_ys97mcx_163', 'QO-20260400026', 'IV-20260400017', 'web', 'Top Ads', 'ระยะเวลา 2 เดือน', 0, 'published', 'not_collected', 'not_sent', 'pending', '', '', '', '', NULL, NULL, NULL, '', 0, NULL, '2026-04-29', '2026-06-30', '', NULL, '', 'medium', 90, '[]'::jsonb, '[]'::jsonb, '2026-07-13T07:43:00.948Z', '2026-07-13T07:43:00.948Z'),
  ('item_c0ujs20_167', 'cus_ys97mcx_163', 'QO-20260400026', 'IV-20260400017', 'web', 'ปักหมุดบริษัทชั้นนำ', 'ระยะเวลา 2 เดือน', 0, 'published', 'not_collected', 'not_sent', 'pending', '', '', '', '', NULL, NULL, NULL, '', 0, NULL, '2026-04-29', '2026-06-30', '', NULL, '', 'medium', 90, '[]'::jsonb, '[]'::jsonb, '2026-07-13T07:43:00.948Z', '2026-07-13T07:43:00.948Z'),
  ('item_g5n4atl_169', 'cus_cptr1pj_168', 'QO-20260400015', '', 'web', 'Top Ads', 'ปักหมุดใบประกาศ ระยะเวลา 3 เดือน', NULL, 'in_progress', 'not_collected', 'not_sent', 'pending', 'การมองเห็นไม่ต่ำกว่า 10,000', '', '', '', NULL, NULL, NULL, '', 0, NULL, '2026-04-27', '2026-07-31', '', NULL, '', 'medium', 50, '[]'::jsonb, '[]'::jsonb, '2026-07-13T07:43:00.948Z', '2026-07-13T07:43:00.948Z'),
  ('item_2ean6oq_170', 'cus_cptr1pj_168', 'QO-20260400015', '', 'web', 'Top Ads', 'ปักหมุดโครงการเปิดตัวใหม่  ระยะเวลา 3 เดือน', NULL, 'in_progress', 'not_collected', 'not_sent', 'pending', '', '', '', '', NULL, NULL, NULL, '', 0, NULL, '2026-04-27', '2026-07-31', '', NULL, '', 'medium', 50, '[]'::jsonb, '[]'::jsonb, '2026-07-13T07:43:00.948Z', '2026-07-13T07:43:00.948Z'),
  ('item_2nta5z2_172', 'cus_krx0fta_171', 'QO-20260300012', 'IV-20260400016', 'facebook', 'Short VDO', '', 10000, 'published', 'not_collected', 'not_sent', 'pending', '20,000 การมองเห็น 100 engagement', '', '', '', NULL, NULL, NULL, 'https://www.facebook.com/share/r/1Cx1sriCty/', 0, NULL, '2026-05-13', NULL, 'สถานะ Ads: ดำเนินการเสร็จแล้ว', NULL, '', 'medium', 90, '[]'::jsonb, '[]'::jsonb, '2026-07-13T07:43:00.948Z', '2026-07-13T07:43:00.948Z'),
  ('item_s166l89_173', 'cus_krx0fta_171', 'QO-20260300012', 'IV-20260400016', 'facebook', 'Post โปรโมท', '', 10000, 'published', 'not_collected', 'not_sent', 'pending', '20,000 การมองเห็น 100 engagement', '', '', '', NULL, NULL, NULL, 'https://www.facebook.com/share/p/18mxkj4t2r/', 0, NULL, '2026-05-12', NULL, 'สถานะ Ads: ดำเนินการเสร็จแล้ว', NULL, '', 'medium', 90, '[]'::jsonb, '[]'::jsonb, '2026-07-13T07:43:00.948Z', '2026-07-13T07:43:00.948Z'),
  ('item_i9pgwdw_175', 'cus_sf02rxp_174', 'QO-20260400027', '', 'facebook', 'Short VDO', 'รอลูกค้าคอนเฟิร์มเพื่อเผยแพร่', NULL, 'published', 'not_collected', 'not_sent', 'pending', '20,000 การมองเห็น 100 engagement', '', '', '', NULL, NULL, NULL, 'https://www.facebook.com/share/r/15t7LG4SxPW/', 0, NULL, '2026-05-22', NULL, 'สถานะ Ads: ดำเนินการเสร็จแล้ว', NULL, '', 'medium', 90, '[]'::jsonb, '[]'::jsonb, '2026-07-13T07:43:00.948Z', '2026-07-13T07:43:00.948Z'),
  ('item_glxdnlj_176', 'cus_sf02rxp_174', 'QO-20260400027', '', 'other', 'ภาพนิ่ง', '', NULL, 'published', 'not_collected', 'not_sent', 'pending', '', '', '', '', NULL, NULL, NULL, '', 0, NULL, NULL, NULL, '', NULL, '', 'medium', 90, '[]'::jsonb, '[]'::jsonb, '2026-07-13T07:43:00.948Z', '2026-07-13T07:43:00.948Z'),
  ('item_crqzriy_177', 'cus_sf02rxp_174', 'QO-20260600009', '', 'other', 'ภาพนิ่ง', 'ถ่ายภาพนิ่ง 5 ครั้ง แถม 1 ครั้ง', NULL, 'not_started', 'not_collected', 'not_sent', 'pending', '', '', '', '', NULL, NULL, NULL, '', 0, NULL, NULL, NULL, '', NULL, '', 'medium', 0, '[]'::jsonb, '[]'::jsonb, '2026-07-13T07:43:00.948Z', '2026-07-13T07:43:00.948Z')
on conflict (id) do nothing;
