-- Generated by scripts/generate-seed.ts from lib/seedCsv.ts — do not edit by hand.
-- Regenerate with: npm run db:seed:gen

insert into public.members (name) values
  ('พี่ไซน์'),
  ('พี่เดียร์'),
  ('พี่ก้อย'),
  ('พี่โตโต้')
on conflict (name) do nothing;

insert into public.customers (id, name, province, sales_owner, contact_person, phone, email, line_id, color, interactions, created_at) values
  ('cus_h9cxehj_0', 'BJ Perfect Living', 'ขอนแก่น', 'พี่ไซน์', '', '', '', '', '#5d87ff', '[]'::jsonb, '2026-07-04T11:33:23.409Z'),
  ('cus_z67m8sc_8', 'เออเบินนารา', 'ขอนแก่น', 'พี่ไซน์', '', '', '', '', '#7c3aed', '[]'::jsonb, '2026-07-04T11:33:23.410Z'),
  ('cus_0i5x6oe_13', 'ASA House', 'ขอนแก่น', 'พี่ไซน์', '', '', '', '', '#059669', '[]'::jsonb, '2026-07-04T11:33:23.410Z'),
  ('cus_1ke9is8_23', 'The base Downtown', 'ขอนแก่น', 'พี่ไซน์', '', '', '', '', '#d97706', '[]'::jsonb, '2026-07-04T11:33:23.410Z'),
  ('cus_6yfwgfv_28', 'Grand Clinton', 'ขอนแก่น', 'พี่ไซน์', '', '', '', '', '#e11d48', '[]'::jsonb, '2026-07-04T11:33:23.410Z'),
  ('cus_v4mp8zm_35', 'บ้านรวงทอง', 'ขอนแก่น', 'พี่ไซน์', '', '', '', '', '#0891b2', '[]'::jsonb, '2026-07-04T11:33:23.410Z'),
  ('cus_r79jdkz_38', '42 poolvilla', 'ขอนแก่น', 'พี่ไซน์', '', '', '', '', '#4f46e5', '[]'::jsonb, '2026-07-04T11:33:23.410Z'),
  ('cus_5bs29h9_41', 'BSD รับสร้างบ้าน', 'ขอนแก่น', 'พี่ไซน์', '', '', '', '', '#0d9488', '[]'::jsonb, '2026-07-04T11:33:23.410Z'),
  ('cus_2jcny5l_46', 'พิมนารา', 'ขอนแก่น', 'พี่ไซน์', '', '', '', '', '#5d87ff', '[]'::jsonb, '2026-07-04T11:33:23.410Z'),
  ('cus_fnyqr9y_49', 'เซนทรัลพาร์ค', 'ขอนแก่น', 'พี่ไซน์', '', '', '', '', '#7c3aed', '[]'::jsonb, '2026-07-04T11:33:23.410Z'),
  ('cus_0142qzk_51', 'ไทยพิพัฒน์ โซลูชั่น', 'ขอนแก่น', 'พี่ไซน์', '', '', '', '', '#059669', '[]'::jsonb, '2026-07-04T11:33:23.410Z'),
  ('cus_iud7h5q_54', 'เป็นสุข', 'ขอนแก่น', 'พี่ไซน์', '', '', '', '', '#d97706', '[]'::jsonb, '2026-07-04T11:33:23.410Z'),
  ('cus_llecv2i_59', 'พิมาน', 'ขอนแก่น', 'พี่ไซน์', '', '', '', '', '#e11d48', '[]'::jsonb, '2026-07-04T11:33:23.410Z'),
  ('cus_syxwfqj_62', 'สถาพร รับสร้างบ้าน', 'ขอนแก่น', 'พี่ไซน์', '', '', '', '', '#0891b2', '[]'::jsonb, '2026-07-04T11:33:23.410Z'),
  ('cus_uqvz5b7_66', 'โฮมเซนเตอร์', 'ขอนแก่น', 'พี่ไซน์', '', '', '', '', '#4f46e5', '[]'::jsonb, '2026-07-04T11:33:23.410Z'),
  ('cus_bg24cz9_70', 'WD รับสร้างบ้าน', 'ขอนแก่น', 'พี่เดียร์', '', '', '', '', '#0d9488', '[]'::jsonb, '2026-07-04T11:33:23.410Z'),
  ('cus_yrtd6e2_76', 'วิรินดา', 'อุดรธานี', 'พี่ไซน์', '', '', '', '', '#5d87ff', '[]'::jsonb, '2026-07-04T11:33:23.410Z'),
  ('cus_r1ao6tv_80', 'บ้านพฤกษา', 'ขอนแก่น', 'พี่ไซน์', '', '', '', '', '#7c3aed', '[]'::jsonb, '2026-07-04T11:33:23.410Z'),
  ('cus_tlhku0m_84', 'ดิแอสต้าวิลล์', 'ขอนแก่น', 'พี่ก้อย', '', '', '', '', '#059669', '[]'::jsonb, '2026-07-04T11:33:23.410Z'),
  ('cus_1ejgz8b_87', 'โฮเมล์โล่', 'ขอนแก่น', 'พี่ไซน์', '', '', '', '', '#d97706', '[]'::jsonb, '2026-07-04T11:33:23.410Z'),
  ('cus_q4f9i2f_100', 'น้ำใสวิลล์', 'ขอนแก่น', 'พี่ไซน์', '', '', '', '', '#e11d48', '[]'::jsonb, '2026-07-04T11:33:23.410Z'),
  ('cus_7ns972k_104', 'อีสานโมเดิร์น', 'ขอนแก่น', 'พี่โตโต้', '', '', '', '', '#0891b2', '[]'::jsonb, '2026-07-04T11:33:23.410Z'),
  ('cus_g7ha33a_109', 'มายด์โฮม รับสร้างบ้าน', 'ขอนแก่น', 'พี่ไซน์', '', '', '', '', '#4f46e5', '[]'::jsonb, '2026-07-04T11:33:23.410Z'),
  ('cus_kv7it9i_114', 'มหารุ่งโรจน์', 'ขอนแก่น', 'พี่ไซน์', '', '', '', '', '#0d9488', '[]'::jsonb, '2026-07-04T11:33:23.410Z'),
  ('cus_5ni4res_119', 'ธนากุล', 'ขอนแก่น', 'พี่ไซน์', '', '', '', '', '#5d87ff', '[]'::jsonb, '2026-07-04T11:33:23.410Z'),
  ('cus_kutdddr_125', 'ศุภาลัย', 'ขอนแก่น', 'พี่ไซน์', '', '', '', '', '#7c3aed', '[]'::jsonb, '2026-07-04T11:33:23.410Z'),
  ('cus_m7tatlo_136', 'เดอะทาวน์', 'ขอนแก่น', 'พี่ไซน์', '', '', '', '', '#059669', '[]'::jsonb, '2026-07-04T11:33:23.410Z'),
  ('cus_qcr6s5r_139', 'ออริจิ้น', 'ขอนแก่น', 'พี่ไซน์', '', '', '', '', '#d97706', '[]'::jsonb, '2026-07-04T11:33:23.410Z'),
  ('cus_4tkkfg8_146', 'ไทยพิพัฒน์ ฮาร์ดแวร์', 'ขอนแก่น', 'พี่เดียร์', '', '', '', '', '#e11d48', '[]'::jsonb, '2026-07-04T11:33:23.410Z'),
  ('cus_u0ac3x7_148', 'บีเฮ้าส์ รับสร้างบ้าน', 'ขอนแก่น', 'พี่เดียร์', '', '', '', '', '#0891b2', '[]'::jsonb, '2026-07-04T11:33:23.410Z'),
  ('cus_d6zxx1d_150', 'เอสเฮ้าส์ รับสร้างบ้าน', 'ขอนแก่น', 'พี่ไซน์', '', '', '', '', '#4f46e5', '[]'::jsonb, '2026-07-04T11:33:23.410Z'),
  ('cus_ogz0df8_155', 'โอเชี่ยน โอเอซิส', 'ขอนแก่น', 'พี่ไซน์', '', '', '', '', '#0d9488', '[]'::jsonb, '2026-07-04T11:33:23.410Z'),
  ('cus_jfliios_158', 'ทรัพย์ไพศาล', 'ขอนแก่น', 'พี่ก้อย', '', '', '', '', '#5d87ff', '[]'::jsonb, '2026-07-04T11:33:23.410Z'),
  ('cus_vi1pls1_161', 'ไอดีลดีไซน์', 'ขอนแก่น', 'พี่ไซน์', '', '', '', '', '#7c3aed', '[]'::jsonb, '2026-07-04T11:33:23.410Z')
on conflict (id) do nothing;

insert into public.items (id, customer_id, qt_no, inv_no, channel, item_type, detail, price, exec_status, result_status, report_status, renewal_status, target, actual, metric_name, metric_unit, target_value, actual_value, report_sent_date, link, rating, deadline, publish_date, finished_date, notes, follow_up_date, follow_up_note, priority, progress, checklist, activity, created_at, updated_at) values
  ('item_c55vp52_1', 'cus_h9cxehj_0', 'QO-20251200010', '', 'facebook', 'Short VDO', 'Short Video 20,000 การมองเห็น', NULL, 'not_started', 'not_collected', 'not_sent', 'pending', '', 'เลื่อนนัดถ่ายงานเดือน มิ.ย', '', '', NULL, NULL, NULL, '', 0, NULL, NULL, NULL, '', NULL, '', 'medium', 0, '[]'::jsonb, '[]'::jsonb, '2026-07-04T11:33:23.409Z', '2026-07-04T11:33:23.409Z'),
  ('item_8xkwa0u_2', 'cus_h9cxehj_0', 'QO-20251200010', '', 'web', 'Top Ads', 'Top ADS 5 แบบบ้าน 1 เดือน', NULL, 'published', 'in_progress', 'not_sent', 'pending', '', '', '', '', NULL, NULL, NULL, '', 0, NULL, '2025-10-24', '2026-12-25', '', NULL, '', 'medium', 90, '[]'::jsonb, '[]'::jsonb, '2026-07-04T11:33:23.409Z', '2026-07-04T11:33:23.409Z'),
  ('item_7tnzskp_3', 'cus_h9cxehj_0', 'QO-20260100002', 'IV-20260100001', 'web', 'Top Ads', 'Top ads', 12000, 'published', 'achieved', 'not_sent', 'pending', '', '', '', '', NULL, NULL, NULL, '', 0, NULL, '2026-01-15', '2026-04-15', '', NULL, '', 'medium', 90, '[]'::jsonb, '[]'::jsonb, '2026-07-04T11:33:23.409Z', '2026-07-04T11:33:23.409Z'),
  ('item_xtdv2w6_4', 'cus_h9cxehj_0', 'QO-20260100002', 'IV-20260100001', 'web', 'บทความทั่วไป', 'บทความทั่วไป', 0, 'published', 'in_progress', 'not_sent', 'pending', '500 อ่าน', '49 อ่าน  (รอยิงพร้อม short video)', '', '', NULL, NULL, NULL, 'https://nayoo.co/khonkaen/blogs/bj-perfect-living-home-builder', 0, NULL, '2026-03-11', NULL, '', NULL, '', 'medium', 90, '[]'::jsonb, '[]'::jsonb, '2026-07-04T11:33:23.409Z', '2026-07-04T11:33:23.409Z'),
  ('item_ezisrqb_5', 'cus_h9cxehj_0', 'QO-20260100002', 'IV-20260100001', 'facebook', 'Post โปรโมท', 'Post โปรโมท บทความ การันตี 100 Engagement', 12000, 'published', 'achieved', 'not_sent', 'pending', 'การันตี 100 Engagement', '27,103 ยอดดู , 124 Engagement', '', '', NULL, NULL, NULL, 'https://www.facebook.com/khonkaennayoo/posts/pfbid0swF7H4zcbL1vGmUQKmCdYGEyRHVVeBEBLmAwN7bVfTeo5Ryt2mWRcHeF8BcUhTCPl?locale=th_TH', 0, NULL, '2026-03-12', NULL, '', NULL, '', 'medium', 90, '[]'::jsonb, '[]'::jsonb, '2026-07-04T11:33:23.409Z', '2026-07-04T11:33:23.409Z'),
  ('item_i0vh3k6_6', 'cus_h9cxehj_0', 'QO-20260400009', '', 'web', 'ปักหมุดบริษัทชั้นนำ', 'ระยะเวลา 3 เดือน', NULL, 'published', 'not_collected', 'not_sent', 'pending', '', '', '', '', NULL, NULL, NULL, '', 0, NULL, '2025-10-15', '2026-07-15', '', NULL, '', 'medium', 90, '[]'::jsonb, '[]'::jsonb, '2026-07-04T11:33:23.410Z', '2026-07-04T11:33:23.410Z'),
  ('item_kxhr3mz_7', 'cus_h9cxehj_0', 'QO-20260400009', '', 'web', 'Top Ads', 'ปักหมุดแบบบ้าน 5 แบบ', NULL, 'published', 'not_collected', 'not_sent', 'pending', '', '', '', '', NULL, NULL, NULL, '', 0, NULL, '2025-04-08', '2026-06-08', '', NULL, '', 'medium', 90, '[]'::jsonb, '[]'::jsonb, '2026-07-04T11:33:23.410Z', '2026-07-04T11:33:23.410Z'),
  ('item_d7iai4q_9', 'cus_z67m8sc_8', 'QO-20260100001', 'IV-20260100003', 'web', 'Top Ads', 'ระยะเวลา 6 เดือน', 36000, 'published', 'in_progress', 'not_sent', 'pending', '5,000 Impr', '', '', '', NULL, NULL, NULL, '', 0, NULL, '2026-01-13', '2026-07-14', '', NULL, '', 'medium', 90, '[]'::jsonb, '[]'::jsonb, '2026-07-04T11:33:23.410Z', '2026-07-04T11:33:23.410Z'),
  ('item_ku46b10_10', 'cus_z67m8sc_8', 'QO-20260100001', 'IV-20260100003', 'web', 'บทความทั่วไป', 'บทความทั่วไป  บทความสั้น พร้อมรูป 4-12 รูป', 10800, 'in_progress', 'not_collected', 'not_sent', 'pending', 'การันตีคนอ่าน 500 ครั้ง', '', '', '', NULL, NULL, NULL, '', 0, NULL, NULL, NULL, '', NULL, '', 'medium', 50, '[]'::jsonb, '[]'::jsonb, '2026-07-04T11:33:23.410Z', '2026-07-04T11:33:23.410Z'),
  ('item_wmksc82_11', 'cus_z67m8sc_8', 'QO-20260100001', 'IV-20260100003', 'facebook', 'Post โปรโมท', 'Post โปรโมท บทความ', 0, 'not_started', 'not_collected', 'not_sent', 'pending', 'การรันตี 100 Engagement', '', '', '', NULL, NULL, NULL, '', 0, NULL, NULL, NULL, '', NULL, '', 'medium', 0, '[]'::jsonb, '[]'::jsonb, '2026-07-04T11:33:23.410Z', '2026-07-04T11:33:23.410Z'),
  ('item_r4idjgj_12', 'cus_z67m8sc_8', 'QO-20260100001', 'IV-20260100003', 'facebook', 'บูสโพสต์', 'Boost Post 5,000 บาท', 5000, 'not_started', 'not_collected', 'not_sent', 'pending', '5,000 บาท', '', '', '', NULL, NULL, NULL, '', 0, NULL, NULL, NULL, 'สถานะ Ads: ยังไม่เริ่ม', NULL, '', 'medium', 0, '[]'::jsonb, '[]'::jsonb, '2026-07-04T11:33:23.410Z', '2026-07-04T11:33:23.410Z'),
  ('item_vdl5klv_14', 'cus_0i5x6oe_13', 'QO-20260100007', 'IV-20260100004', 'web', 'บทความ SEO', 'ทำ Company Profil 1 Keyword คำหลัก 5 คำรอง', 59000, 'published', 'achieved', 'not_sent', 'pending', '500 อ่าน', '531 อ่าน', '', '', NULL, NULL, NULL, 'https://nayoo.co/khonkaen/blogs/asa-house-builder-khon-kaen', 0, NULL, NULL, NULL, 'สถานะ Ads: ดำเนินการเสร็จแล้ว', NULL, '', 'medium', 90, '[]'::jsonb, '[]'::jsonb, '2026-07-04T11:33:23.410Z', '2026-07-04T11:33:23.410Z'),
  ('item_b5tb9bg_15', 'cus_0i5x6oe_13', 'QO-20260100007', 'IV-20260100004', 'google', 'Google SEM (Search)', 'ทำ 2 แคมเปญ คำ Search', 0, 'in_progress', 'not_collected', 'not_sent', 'pending', '', '', '', '', NULL, NULL, NULL, '', 0, NULL, NULL, NULL, 'สถานะ Ads: ดำเนินการเสร็จแล้ว', NULL, '', 'medium', 50, '[]'::jsonb, '[]'::jsonb, '2026-07-04T11:33:23.410Z', '2026-07-04T11:33:23.410Z'),
  ('item_t3qwlgc_16', 'cus_0i5x6oe_13', 'QO-20260100007', 'IV-20260100004', 'google', 'Google Display', 'Google display จำนวน 3 เดือน', 0, 'not_started', 'not_collected', 'not_sent', 'pending', '', '', '', '', NULL, NULL, NULL, '', 0, NULL, NULL, NULL, 'สถานะ Ads: ยังไม่เริ่ม', NULL, '', 'medium', 0, '[]'::jsonb, '[]'::jsonb, '2026-07-04T11:33:23.410Z', '2026-07-04T11:33:23.410Z'),
  ('item_vw166tj_17', 'cus_0i5x6oe_13', 'QO-20260100007', 'IV-20260100004', 'web', 'บทความ AIO', 'AIO (AI Overviews)', 0, 'not_started', 'not_collected', 'not_sent', 'pending', 'ติด Aio', '', '', '', NULL, NULL, NULL, '', 0, NULL, NULL, NULL, '', NULL, '', 'medium', 0, '[]'::jsonb, '[]'::jsonb, '2026-07-04T11:33:23.410Z', '2026-07-04T11:33:23.410Z'),
  ('item_ruh7xmi_18', 'cus_0i5x6oe_13', 'QO-20260100007', 'IV-20260100004', 'facebook', 'Post Facebook', '*การันตี 1,000 engagement บนเพจขอนแก่นน่าอยู่', 0, 'published', 'achieved', 'not_sent', 'pending', '100 Engagement', '139 Engagement', '', '', NULL, NULL, NULL, 'https://www.facebook.com/share/p/18f6cAHajU/', 0, NULL, NULL, NULL, 'สถานะ Ads: ดำเนินการเสร็จแล้ว', NULL, '', 'medium', 90, '[]'::jsonb, '[]'::jsonb, '2026-07-04T11:33:23.410Z', '2026-07-04T11:33:23.410Z'),
  ('item_fnrgiz4_19', 'cus_0i5x6oe_13', 'QO-20260100007', 'IV-20260100004', 'web', 'Banner', 'Hero Banner  - Banner ระยะเวลา 3 เดือน', 0, 'published', 'achieved', 'not_sent', 'pending', '', '', '', '', NULL, NULL, NULL, '', 0, NULL, '2026-01-23', '2026-04-23', '', NULL, '', 'medium', 90, '[]'::jsonb, '[]'::jsonb, '2026-07-04T11:33:23.410Z', '2026-07-04T11:33:23.410Z'),
  ('item_7gmmzfz_20', 'cus_0i5x6oe_13', 'QO-20260100007', 'IV-20260100004', 'web', 'ปักหมุดบริษัทชั้นนำ', 'ปักหมุดบริษัทรับสร้างบ้านชั้นนำ จำนวน 6 เดือน', 0, 'published', 'in_progress', 'not_sent', 'pending', '', '', '', '', NULL, NULL, NULL, '', 0, NULL, '2026-01-19', '2026-07-20', '', NULL, '', 'medium', 90, '[]'::jsonb, '[]'::jsonb, '2026-07-04T11:33:23.410Z', '2026-07-04T11:33:23.410Z'),
  ('item_0gezgrw_21', 'cus_0i5x6oe_13', 'QO-20260100007', 'IV-20260100004', 'web', 'ปักหมุดแบบบ้านยอดนิยม', 'เลือกแบบบ้านได้ 5 แบบ จำนวน 6 เดือน', 27000, 'published', 'in_progress', 'not_sent', 'pending', '', '', '', '', NULL, NULL, NULL, '', 0, NULL, '2026-01-26', '2026-07-27', '', NULL, '', 'medium', 90, '[]'::jsonb, '[]'::jsonb, '2026-07-04T11:33:23.410Z', '2026-07-04T11:33:23.410Z'),
  ('item_ebemne2_22', 'cus_0i5x6oe_13', 'QO-20260100007', 'IV-20260100004', 'web', 'ปักหมุดบริษัทโปรไฟล์พรีเมี่ยม', 'ปักหมุดบริษัทโปรไฟล์พรีเมียม จำนวน 6 เดือน', 0, 'published', 'in_progress', 'not_sent', 'pending', '', '', '', '', NULL, NULL, NULL, '', 0, NULL, '2026-01-19', '2026-07-20', '', NULL, '', 'medium', 90, '[]'::jsonb, '[]'::jsonb, '2026-07-04T11:33:23.410Z', '2026-07-04T11:33:23.410Z'),
  ('item_c3ik901_24', 'cus_1ke9is8_23', 'QO-20260100011', 'IV-20260100013', 'facebook', 'Post โปรโมท', 'Post โปรโมท', 12000, 'published', 'achieved', 'sent', 'pending', '20,000 การมองเห็น 100 engage', '1,036,899 ยอดดู. 798 engagement', '', '', NULL, NULL, NULL, 'https://www.facebook.com/khonkaennayoo/posts/pfbid02T1XBysULmBNYq4M7xhB7csSmzU2SSpHYZwqvzvRTZnTg49JzJhS7zwmN7gRh367kl', 5, NULL, '2026-01-10', '2026-02-10', '', NULL, '', 'medium', 90, '[]'::jsonb, '[]'::jsonb, '2026-07-04T11:33:23.410Z', '2026-07-04T11:33:23.410Z'),
  ('item_cd2hktv_25', 'cus_1ke9is8_23', 'QO-20260100011', 'IV-20260100013', 'facebook', 'บูสโพสต์', 'Boost Post 10,000 บาท', 10000, 'published', 'achieved', 'sent', 'pending', '', '', '', '', NULL, NULL, NULL, '', 0, NULL, '2026-01-10', '2026-02-10', '', NULL, '', 'medium', 90, '[]'::jsonb, '[]'::jsonb, '2026-07-04T11:33:23.410Z', '2026-07-04T11:33:23.410Z'),
  ('item_ehh3qh1_26', 'cus_1ke9is8_23', 'QO-20260100011', 'IV-20260100013', 'facebook', 'Short VDO', 'Short VDO', 10800, 'published', 'achieved', 'sent', 'pending', '20,000 การมองเห็น 100 engage', '391,920 ยอดดู 1,894 engagement', '', '', NULL, NULL, NULL, 'https://www.facebook.com/reel/1466419052161129?locale=th_TH', 0, NULL, '2026-02-27', '2026-03-27', '', NULL, '', 'medium', 90, '[]'::jsonb, '[]'::jsonb, '2026-07-04T11:33:23.410Z', '2026-07-04T11:33:23.410Z'),
  ('item_p8if3lq_27', 'cus_1ke9is8_23', 'QO-20260100011', 'IV-20260100013', 'facebook', 'บูสโพสต์', 'Boost Post 10,000 บาท', 10000, 'published', 'achieved', 'sent', 'pending', '', '', '', '', NULL, NULL, NULL, '', 0, NULL, '2026-02-27', '2026-03-27', '', NULL, '', 'medium', 90, '[]'::jsonb, '[]'::jsonb, '2026-07-04T11:33:23.410Z', '2026-07-04T11:33:23.410Z'),
  ('item_pvvv7i5_29', 'cus_6yfwgfv_28', 'QO-20260100037', '', 'facebook', 'VDO 1-3 นาที', 'วิดิโอ 1-3 นาที - พากย์เสียง', NULL, 'published', 'achieved', 'sent', 'pending', '20,000 การมองเห็น 1,000 engagement', '45,299 ยอดดู 1,055 Engagement', '', '', NULL, NULL, NULL, 'https://www.facebook.com/reel/1647382319944024?locale=th_TH', 5, NULL, '2026-03-24', NULL, '', NULL, '', 'medium', 90, '[]'::jsonb, '[]'::jsonb, '2026-07-04T11:33:23.410Z', '2026-07-04T11:33:23.410Z'),
  ('item_v371mjg_30', 'cus_6yfwgfv_28', 'QO-20260100037', '', 'web', 'บทความทั่วไป', '500 อ่าน ภาพประกอบ 4-10 รูป', NULL, 'published', 'achieved', 'sent', 'pending', '500 อ่าน', '1,200 อ่าน', '', '', NULL, NULL, NULL, 'https://nayoo.co/khonkaen/blogs/grand-clintons-khon-kaen', 0, NULL, '2026-03-26', NULL, '', NULL, '', 'medium', 90, '[]'::jsonb, '[]'::jsonb, '2026-07-04T11:33:23.410Z', '2026-07-04T11:33:23.410Z'),
  ('item_7o992t2_31', 'cus_6yfwgfv_28', 'QO-20260100037', '', 'facebook', 'Post โปรโมท', 'โปรโมท บทความ 20,000 การมองเห็น 100 engagement', NULL, 'published', 'achieved', 'sent', 'pending', '20,000 การมองเห็น 100 engagement', '29,586 ยอดดู 147 Engagement', '', '', NULL, NULL, NULL, 'https://www.facebook.com/khonkaennayoo/posts/pfbid02dGHAjbkxfFESoQ53me2M86yVUsD71G7C7txqfwyaXPZzfJPMSQrW1TESXgvtfWYjl?locale=th_TH', 0, NULL, '2026-03-27', NULL, '', NULL, '', 'medium', 90, '[]'::jsonb, '[]'::jsonb, '2026-07-04T11:33:23.410Z', '2026-07-04T11:33:23.410Z'),
  ('item_0p7a0xh_32', 'cus_6yfwgfv_28', 'QO-20260100037', '', 'web', 'Top Ads', 'Top ADS 1 เดือน', NULL, 'published', 'achieved', 'sent', 'pending', '', '', '', '', NULL, NULL, NULL, '', 0, NULL, '2026-03-30', '2026-04-30', '', NULL, '', 'medium', 90, '[]'::jsonb, '[]'::jsonb, '2026-07-04T11:33:23.410Z', '2026-07-04T11:33:23.410Z'),
  ('item_dm7u12f_33', 'cus_6yfwgfv_28', 'QO-20260100037', '', 'facebook', 'ภาพนิ่ง', 'ภาพนิ่ง', NULL, 'published', 'achieved', 'sent', 'pending', '', '', '', '', NULL, NULL, NULL, '', 0, NULL, NULL, NULL, '', NULL, '', 'medium', 90, '[]'::jsonb, '[]'::jsonb, '2026-07-04T11:33:23.410Z', '2026-07-04T11:33:23.410Z'),
  ('item_a6zshao_34', 'cus_6yfwgfv_28', 'QO-20260100037', '', 'facebook', 'Short VDO', 'Short Video  20,000 การมองเห็น 100 engagement', NULL, 'published', 'achieved', 'sent', 'pending', '20,000 การมองเห็น 100 engagement', '85,602 ยอดดู  1,790 Engagement', '', '', NULL, NULL, NULL, 'https://www.facebook.com/reel/1291352086377817?locale=th_TH', 0, NULL, '2026-02-16', NULL, '', NULL, '', 'medium', 90, '[]'::jsonb, '[]'::jsonb, '2026-07-04T11:33:23.410Z', '2026-07-04T11:33:23.410Z'),
  ('item_0n44wgd_36', 'cus_v4mp8zm_35', 'QO-20260100003', 'IV-20260100007', 'web', 'Top Ads', 'Top Ad 3 เดือน', 18000, 'published', 'in_progress', 'not_sent', 'pending', '', '', '', '', NULL, NULL, NULL, '', 0, NULL, '2026-03-26', '2026-06-30', '', NULL, '', 'medium', 90, '[]'::jsonb, '[]'::jsonb, '2026-07-04T11:33:23.410Z', '2026-07-04T11:33:23.410Z'),
  ('item_2895odu_37', 'cus_v4mp8zm_35', 'QO-20260100003', 'IV-20260100007', 'web', 'VR360', 'VR360 ขึ้นหน้าประกาศโครงการ 1 ปี', NULL, 'not_started', 'not_collected', 'not_sent', 'pending', '', '', '', '', NULL, NULL, NULL, '', 0, NULL, NULL, NULL, '', NULL, '', 'medium', 0, '[]'::jsonb, '[]'::jsonb, '2026-07-04T11:33:23.410Z', '2026-07-04T11:33:23.410Z'),
  ('item_be49lu8_39', 'cus_r79jdkz_38', 'QO-20260200003', 'IV-20260200017', 'web', 'Top Ads', 'Top Ad 3 เดือน', 17100, 'published', 'in_progress', 'not_sent', 'pending', '', '', '', '', NULL, NULL, NULL, '', 0, NULL, '2026-04-07', '2026-06-10', '', NULL, '', 'medium', 90, '[]'::jsonb, '[]'::jsonb, '2026-07-04T11:33:23.410Z', '2026-07-04T11:33:23.410Z'),
  ('item_vh2rpo3_40', 'cus_r79jdkz_38', 'QO-20260200003', 'IV-20260200017', 'web', 'ปักหมุด Banner', 'ปักหมุด Banner 3 เดือน', 68400, 'published', 'in_progress', 'not_sent', 'pending', '', '', '', '', NULL, NULL, NULL, '', 0, NULL, '2026-04-07', '2026-06-10', '', NULL, '', 'medium', 90, '[]'::jsonb, '[]'::jsonb, '2026-07-04T11:33:23.410Z', '2026-07-04T11:33:23.410Z'),
  ('item_hi1wo5x_42', 'cus_5bs29h9_41', 'QO-20260100040', 'IV-20260200003', 'web', 'บทความ AIO', '', 32000, 'published', 'in_progress', 'not_sent', 'pending', '500 อ่าน / ติด AIO', '101 อ่าน / ติด AIO', '', '', NULL, NULL, NULL, 'https://nayoo.co/khonkaen/blogs/bsd-construction-2018', 0, NULL, '2026-03-19', '2026-06-19', '', NULL, '', 'medium', 90, '[]'::jsonb, '[]'::jsonb, '2026-07-04T11:33:23.410Z', '2026-07-04T11:33:23.410Z'),
  ('item_kymutx1_43', 'cus_5bs29h9_41', 'QO-20260100040', 'IV-20260200003', 'google', 'Google SEM (Search)', '1 Keyword', 0, 'not_started', 'in_progress', 'not_sent', 'pending', '', '', '', '', NULL, NULL, NULL, '', 0, NULL, NULL, NULL, '', NULL, '', 'medium', 0, '[]'::jsonb, '[]'::jsonb, '2026-07-04T11:33:23.410Z', '2026-07-04T11:33:23.410Z'),
  ('item_1slutff_44', 'cus_5bs29h9_41', 'QO-20260100040', 'IV-20260200003', 'web', 'Top Ads', 'ปักหมุดบริษัทรับสร้างบ้านชั้นนำ 1 เดือน', 0, 'published', 'achieved', 'not_sent', 'pending', '', '', '', '', NULL, NULL, NULL, '', 0, NULL, '2026-03-21', '2026-04-30', '', NULL, '', 'medium', 90, '[]'::jsonb, '[]'::jsonb, '2026-07-04T11:33:23.410Z', '2026-07-04T11:33:23.410Z'),
  ('item_18dol24_45', 'cus_5bs29h9_41', 'QO-20260100040', 'IV-20260200003', 'web', 'Top Ads', '5 แบบบ้านยอดนิยม 1 เดือน', 0, 'published', 'achieved', 'not_sent', 'pending', '', '', '', '', NULL, NULL, NULL, '', 0, NULL, '2026-03-21', '2026-04-30', '', NULL, '', 'medium', 90, '[]'::jsonb, '[]'::jsonb, '2026-07-04T11:33:23.410Z', '2026-07-04T11:33:23.410Z'),
  ('item_mx9gnl9_47', 'cus_2jcny5l_46', 'QO-20260200011', 'IV-20260200016', 'web', 'โครงการแนะนำ', 'ระยะเวลา 3 เดือน', 21600, 'published', 'in_progress', 'not_sent', 'pending', '', '', '', '', NULL, NULL, NULL, '', 0, NULL, '2026-02-17', '2026-05-17', '', NULL, '', 'medium', 90, '[]'::jsonb, '[]'::jsonb, '2026-07-04T11:33:23.410Z', '2026-07-04T11:33:23.410Z'),
  ('item_7cx8y7u_48', 'cus_2jcny5l_46', 'QO-20260100042', 'IV-20260200002', 'web', 'Top Ads', 'ระยะเวลา  1 เดือน', 18000, 'published', 'in_progress', 'not_sent', 'pending', '', '', '', '', NULL, NULL, NULL, '', 0, NULL, '2026-02-05', '2026-06-06', '', NULL, '', 'medium', 90, '[]'::jsonb, '[]'::jsonb, '2026-07-04T11:33:23.410Z', '2026-07-04T11:33:23.410Z'),
  ('item_yatzisx_50', 'cus_fnyqr9y_49', 'QO-20260100036', 'IV-20260100019', 'web', 'Top Ads', 'ระยะเวลา 3 เดือน', 16200, 'published', 'achieved', 'sent', 'pending', '', '34,326 Impression 1,637 Click', '', '', NULL, NULL, NULL, '', 0, NULL, '2026-01-28', '2026-04-30', '', NULL, '', 'medium', 90, '[]'::jsonb, '[]'::jsonb, '2026-07-04T11:33:23.410Z', '2026-07-04T11:33:23.410Z'),
  ('item_bk4fsa9_52', 'cus_0142qzk_51', 'QO-20260200019', 'IV-20260300004', 'web', 'บทความ AIO', '', 0, 'published', 'in_progress', 'not_sent', 'pending', 'ติด AIO', '', '', '', NULL, NULL, NULL, 'https://nayoo.co/khonkaen/blogs/thai-pipat-solution-khonkaen', 0, NULL, '2026-04-07', '2026-07-07', '', NULL, '', 'medium', 90, '[]'::jsonb, '[]'::jsonb, '2026-07-04T11:33:23.410Z', '2026-07-04T11:33:23.410Z'),
  ('item_nex6ihn_53', 'cus_0142qzk_51', 'QO-20260200019', 'IV-20260300004', 'web', 'Top Banner', 'ระยะเวลา 3 เดือน', 0, 'published', 'in_progress', 'not_sent', 'pending', '', '', '', '', NULL, NULL, NULL, '', 0, NULL, '2026-03-30', '2026-06-30', '', NULL, '', 'medium', 90, '[]'::jsonb, '[]'::jsonb, '2026-07-04T11:33:23.410Z', '2026-07-04T11:33:23.410Z'),
  ('item_xuhjnvd_55', 'cus_iud7h5q_54', 'QO-20260300002', 'IV-20260300009', 'web', 'Top Ads', 'ใบประกาศละ 6 เดือน', 36000, 'published', 'not_collected', 'not_sent', 'pending', '', '', '', '', NULL, NULL, NULL, '', 0, NULL, '2026-03-17', '2026-09-17', '', NULL, '', 'medium', 90, '[]'::jsonb, '[]'::jsonb, '2026-07-04T11:33:23.410Z', '2026-07-04T11:33:23.410Z'),
  ('item_ddyex6s_56', 'cus_iud7h5q_54', 'QO-20260300002', 'IV-20260300009', 'web', 'Top Ads', 'ใบประกาศละ 6 เดือน', 0, 'published', 'not_collected', 'not_sent', 'pending', '', '', '', '', NULL, NULL, NULL, '', 0, NULL, '2026-03-17', '2026-09-17', '', NULL, '', 'medium', 90, '[]'::jsonb, '[]'::jsonb, '2026-07-04T11:33:23.410Z', '2026-07-04T11:33:23.410Z'),
  ('item_ad00szu_57', 'cus_iud7h5q_54', 'QO-20260300002', 'IV-20260300009', 'web', 'Brand Logo', 'ระยะเวลา 2 เดือน', 0, 'published', 'not_collected', 'not_sent', 'pending', '', '', '', '', NULL, NULL, NULL, '', 0, NULL, '2026-03-21', '2026-05-31', '', NULL, '', 'medium', 90, '[]'::jsonb, '[]'::jsonb, '2026-07-04T11:33:23.410Z', '2026-07-04T11:33:23.410Z'),
  ('item_9tes1zo_58', 'cus_iud7h5q_54', 'QO-20260300002', 'IV-20260300009', 'facebook', 'Short VDO', 'บ้านยังสร้างไม่เสร็จ', 10000, 'not_started', 'not_collected', 'not_sent', 'pending', '20,000 การมองเห็น 100 engage', '', '', '', NULL, NULL, NULL, '', 0, NULL, NULL, NULL, '', NULL, '', 'medium', 0, '[]'::jsonb, '[]'::jsonb, '2026-07-04T11:33:23.410Z', '2026-07-04T11:33:23.410Z'),
  ('item_nzkteqy_60', 'cus_llecv2i_59', 'QO-20260200015', 'IV-20260200022', 'web', 'บทความ AIO', '', 25000, 'published', 'achieved', 'not_sent', 'pending', 'ติด Aio', '', '', '', NULL, NULL, NULL, 'https://nayoo.co/blogs/khonkaen/piman-group-khonkaen?fbclid=IwY2xjawSdsRZleHRuA2FlbQIxMABicmlkETFpeFZqZ3BzTUNEZG5mclprc3J0YwZhcHBfaWQQMjIyMDM5MTc4ODIwMDg5MgABHrYfcXjs8DbHZuIWbgRr1ILYlsjB8KPqcG-is7Eki3EmVl4Sx1PrbMN8fUMy_aem_A_uNM8kSkMETUoqcBFX_hA', 0, NULL, '2026-06-09', NULL, '', NULL, '', 'medium', 90, '[]'::jsonb, '[]'::jsonb, '2026-07-04T11:33:23.410Z', '2026-07-04T11:33:23.410Z'),
  ('item_u50ql1e_61', 'cus_llecv2i_59', 'QO-20260200015', 'IV-20260200022', 'facebook', 'Top Ads', 'ระยะเวลา 1 เดือน', 0, 'not_started', 'not_collected', 'not_sent', 'pending', '', '', '', '', NULL, NULL, NULL, '', 0, NULL, NULL, NULL, '', NULL, '', 'medium', 0, '[]'::jsonb, '[]'::jsonb, '2026-07-04T11:33:23.410Z', '2026-07-04T11:33:23.410Z'),
  ('item_zsj82ex_63', 'cus_syxwfqj_62', 'QO-20260300006', 'IV-20260300010', 'web', 'Top Ads', 'ระยะเวลา 1 เดือน', 6000, 'published', 'not_collected', 'not_sent', 'pending', '', '', '', '', NULL, NULL, NULL, '', 0, NULL, '2026-06-11', '2026-07-11', '', NULL, '', 'medium', 90, '[]'::jsonb, '[]'::jsonb, '2026-07-04T11:33:23.410Z', '2026-07-04T11:33:23.410Z'),
  ('item_layk2to_64', 'cus_syxwfqj_62', 'QO-20260300006', 'IV-20260300010', 'web', 'บทความทั่วไป', '', 22000, 'published', 'not_collected', 'not_sent', 'pending', '', '', '', '', NULL, NULL, NULL, 'https://nayoo.co/khonkaen/home-builder/company/247', 0, NULL, NULL, NULL, '', NULL, '', 'medium', 90, '[]'::jsonb, '[]'::jsonb, '2026-07-04T11:33:23.410Z', '2026-07-04T11:33:23.410Z'),
  ('item_oju8124_65', 'cus_syxwfqj_62', 'QO-20260300006', 'IV-20260300010', 'facebook', 'Post โปรโมท', '', 0, 'published', 'not_collected', 'not_sent', 'pending', '20,000 การมองเห็น 100 engage', '', '', '', NULL, NULL, NULL, 'https://www.facebook.com/share/p/1CvhDz1MGs/', 0, NULL, NULL, NULL, 'สถานะ Ads: ดำเนินการเสร็จแล้ว', NULL, '', 'medium', 90, '[]'::jsonb, '[]'::jsonb, '2026-07-04T11:33:23.410Z', '2026-07-04T11:33:23.410Z'),
  ('item_8d7vrg9_67', 'cus_uqvz5b7_66', 'QO-20260300007', 'IV-20260300011', 'web', 'Top Ads', 'ระยะเวลา 1 เดือน', 6000, 'published', 'not_collected', 'not_sent', 'pending', '', '', '', '', NULL, NULL, NULL, '', 0, NULL, '2026-06-11', '2026-07-11', '', NULL, '', 'medium', 90, '[]'::jsonb, '[]'::jsonb, '2026-07-04T11:33:23.410Z', '2026-07-04T11:33:23.410Z'),
  ('item_d5co24u_68', 'cus_uqvz5b7_66', 'QO-20260300007', 'IV-20260300011', 'web', 'บทความทั่วไป', 'รอลูกค้าตรวจงาน', 22000, 'in_progress', 'not_collected', 'not_sent', 'pending', '', '', '', '', NULL, NULL, NULL, '', 0, NULL, NULL, NULL, '', NULL, '', 'medium', 50, '[]'::jsonb, '[]'::jsonb, '2026-07-04T11:33:23.410Z', '2026-07-04T11:33:23.410Z'),
  ('item_89m1p8i_69', 'cus_uqvz5b7_66', 'QO-20260300007', 'IV-20260300011', 'facebook', 'Post โปรโมท', 'รอลูกค้าตรวจงาน', 0, 'in_progress', 'not_collected', 'not_sent', 'pending', '20,000 การมองเห็น 100 engage', '', '', '', NULL, NULL, NULL, '', 0, NULL, NULL, NULL, '', NULL, '', 'medium', 50, '[]'::jsonb, '[]'::jsonb, '2026-07-04T11:33:23.410Z', '2026-07-04T11:33:23.410Z'),
  ('item_ebf6tg9_71', 'cus_bg24cz9_70', 'QO-20260100035', 'IV-20260300006', 'facebook', 'VDO 1-3 นาที', '', 91800, 'not_started', 'not_collected', 'not_sent', 'pending', '1,000 engage', '', '', '', NULL, NULL, NULL, '', 0, NULL, NULL, NULL, '', NULL, '', 'medium', 0, '[]'::jsonb, '[]'::jsonb, '2026-07-04T11:33:23.410Z', '2026-07-04T11:33:23.410Z'),
  ('item_rbvaxy4_72', 'cus_bg24cz9_70', 'QO-20260100035', 'IV-20260300006', 'facebook', 'VDO 1-3 นาที', '', 0, 'not_started', 'not_collected', 'not_sent', 'pending', '1,000 engage', '', '', '', NULL, NULL, NULL, '', 0, NULL, NULL, NULL, '', NULL, '', 'medium', 0, '[]'::jsonb, '[]'::jsonb, '2026-07-04T11:33:23.410Z', '2026-07-04T11:33:23.410Z'),
  ('item_zm99zel_73', 'cus_bg24cz9_70', 'QO-20260100035', 'IV-20260300006', 'facebook', 'VDO 1-3 นาที', '', 0, 'not_started', 'not_collected', 'not_sent', 'pending', '1,000 engage', '', '', '', NULL, NULL, NULL, '', 0, NULL, NULL, NULL, '', NULL, '', 'medium', 0, '[]'::jsonb, '[]'::jsonb, '2026-07-04T11:33:23.410Z', '2026-07-04T11:33:23.410Z'),
  ('item_9vxf5ye_74', 'cus_bg24cz9_70', 'QO-20260100035', 'IV-20260300006', 'web', 'ปักหมุดบริษัทชั้นนำ', 'ระยะเวลา 6 เดือน', 0, 'in_progress', 'not_collected', 'not_sent', 'pending', '', '', '', '', NULL, NULL, NULL, '', 0, NULL, '2026-07-01', '2026-12-31', '', NULL, '', 'medium', 50, '[]'::jsonb, '[]'::jsonb, '2026-07-04T11:33:23.410Z', '2026-07-04T11:33:23.410Z'),
  ('item_dppf8gn_75', 'cus_bg24cz9_70', 'QO-20260100035', 'IV-20260300006', 'web', 'ปักหมุดแบบบ้านยอดนิยม', 'ระยะเวลา 9 เดือน', 0, 'in_progress', 'not_collected', 'not_sent', 'pending', '', '', '', '', NULL, NULL, NULL, '', 0, NULL, '2026-04-07', '2026-11-30', '', NULL, '', 'medium', 50, '[]'::jsonb, '[]'::jsonb, '2026-07-04T11:33:23.410Z', '2026-07-04T11:33:23.410Z'),
  ('item_nwgcedo_77', 'cus_yrtd6e2_76', 'QO-20260200009', 'IV-20260200023', 'web', 'Short VDO', '', 12000, 'published', 'not_collected', 'not_sent', 'pending', '20,000 การมองเห็น 100 engage', '15,171  การมองเห็น 144  engage', '', '', NULL, NULL, NULL, 'https://www.facebook.com/share/r/1YmdjysSRX/', 0, NULL, NULL, NULL, 'สถานะ Ads: ดำเนินการเสร็จแล้ว', NULL, '', 'medium', 90, '[]'::jsonb, '[]'::jsonb, '2026-07-04T11:33:23.410Z', '2026-07-04T11:33:23.410Z'),
  ('item_7e98oek_78', 'cus_yrtd6e2_76', 'QO-20260200009', 'IV-20260200023', 'web', 'Top Ads', 'ลูกค้ายังไม่สร้างใบประกาศ', 0, 'not_started', 'not_collected', 'not_sent', 'pending', 'ระยะเวลา 1 เดือน', '', '', '', NULL, NULL, NULL, '', 0, NULL, NULL, NULL, '', NULL, '', 'medium', 0, '[]'::jsonb, '[]'::jsonb, '2026-07-04T11:33:23.410Z', '2026-07-04T11:33:23.410Z'),
  ('item_jyeuc46_79', 'cus_yrtd6e2_76', 'QO-20260200009', 'IV-20260200023', 'facebook', 'Post โปรโมท', 'รอลูกค้าส่งรูปมาให้', 4000, 'not_started', 'not_collected', 'not_sent', 'pending', '20,000 การมองเห็น 100 engage', '', '', '', NULL, NULL, NULL, '', 0, NULL, NULL, NULL, '', NULL, '', 'medium', 0, '[]'::jsonb, '[]'::jsonb, '2026-07-04T11:33:23.410Z', '2026-07-04T11:33:23.410Z'),
  ('item_2pfmhus_81', 'cus_r1ao6tv_80', 'QO-20260200008', 'IV-20260200020', 'web', 'โครงการแนะนำ', 'ระยะเวลา 3 เดือน', 36000, 'not_started', 'not_collected', 'not_sent', 'pending', '', '', '', '', NULL, NULL, NULL, '', 0, NULL, NULL, NULL, '', NULL, '', 'medium', 0, '[]'::jsonb, '[]'::jsonb, '2026-07-04T11:33:23.410Z', '2026-07-04T11:33:23.410Z'),
  ('item_7st7nc3_82', 'cus_r1ao6tv_80', 'QO-20260200008', 'IV-20260200020', 'web', 'Top Ads', 'ระยะเวลา 3 เดือน', 12000, 'in_progress', 'not_collected', 'not_sent', 'pending', '', '', '', '', NULL, NULL, NULL, '', 0, NULL, '2026-03-31', '2026-06-30', '', NULL, '', 'medium', 50, '[]'::jsonb, '[]'::jsonb, '2026-07-04T11:33:23.410Z', '2026-07-04T11:33:23.410Z'),
  ('item_02opjzw_83', 'cus_r1ao6tv_80', 'QO-20260200008', 'IV-20260200020', 'web', 'VR360', '', 2500, 'done', 'achieved', 'not_sent', 'pending', '', '', '', '', NULL, NULL, NULL, 'https://my.matterport.com/show/?m=2CMsWKV2PmE', 0, NULL, NULL, NULL, '', NULL, '', 'medium', 100, '[]'::jsonb, '[]'::jsonb, '2026-07-04T11:33:23.410Z', '2026-07-04T11:33:23.410Z'),
  ('item_7vqv560_85', 'cus_tlhku0m_84', 'QO-20260300015', 'IV-20260300017', 'web', 'VR360', '', 5500, 'done', 'achieved', 'not_sent', 'pending', '', '', '', '', NULL, NULL, NULL, 'https://my.matterport.com/show/?m=4sxAJYVFQ8a', 0, NULL, NULL, NULL, '', NULL, '', 'medium', 100, '[]'::jsonb, '[]'::jsonb, '2026-07-04T11:33:23.410Z', '2026-07-04T11:33:23.410Z'),
  ('item_pb41gv9_86', 'cus_tlhku0m_84', 'QO-20260300015', 'IV-20260300017', 'web', 'Top Ads', 'ระยะเวลา 6 เดือน', 18000, 'in_progress', 'not_collected', 'not_sent', 'pending', '', '', '', '', NULL, NULL, NULL, '', 0, NULL, '2026-03-31', '2026-09-30', '', NULL, '', 'medium', 50, '[]'::jsonb, '[]'::jsonb, '2026-07-04T11:33:23.410Z', '2026-07-04T11:33:23.410Z'),
  ('item_j1j7ifd_88', 'cus_1ejgz8b_87', 'QO-20260300010', 'IV-20260300015', 'web', 'VDO 7-15 นาที', '', 39500, 'not_started', 'not_collected', 'not_sent', 'pending', '1,000 engage', '', '', '', NULL, NULL, NULL, '', 0, NULL, NULL, NULL, '', NULL, '', 'medium', 0, '[]'::jsonb, '[]'::jsonb, '2026-07-04T11:33:23.410Z', '2026-07-04T11:33:23.410Z'),
  ('item_44pcoi5_89', 'cus_1ejgz8b_87', 'QO-20260300010', 'IV-20260300015', 'web', 'บทความ AIO', '', 0, 'published', 'not_collected', 'not_sent', 'pending', 'ติด AIO', 'ติด AIO', '', '', NULL, NULL, NULL, 'https://nayoo.co/blogs/khonkaen/homelo-nong-phai?fbclid=IwY2xjawSdsphleHRuA2FlbQIxMABicmlkETFpeFZqZ3BzTUNEZG5mclprc3J0YwZhcHBfaWQQMjIyMDM5MTc4ODIwMDg5MgABHh7rwkW_RVcfi8-tINnyEcBwYe4noYALX2aFVPBstEaC6J1kBtXpyT2kIuXW_aem_q9xz_vpv14j5VlM-zIkRkQ', 0, NULL, '2026-06-09', NULL, '', NULL, '', 'medium', 90, '[]'::jsonb, '[]'::jsonb, '2026-07-04T11:33:23.410Z', '2026-07-04T11:33:23.410Z'),
  ('item_yj9p0bz_90', 'cus_1ejgz8b_87', 'QO-20260300010', 'IV-20260300015', 'facebook', 'Post โปรโมท', '', 0, 'published', 'not_collected', 'not_sent', 'pending', '20,000 การมองเห็น 100 engage', '', '', '', NULL, NULL, NULL, 'https://www.facebook.com/share/p/192L9egTon/', 0, NULL, '2026-06-09', NULL, '', NULL, '', 'medium', 90, '[]'::jsonb, '[]'::jsonb, '2026-07-04T11:33:23.410Z', '2026-07-04T11:33:23.410Z'),
  ('item_oroinxu_91', 'cus_1ejgz8b_87', 'QO-20260300010', 'IV-20260300015', 'web', 'บทความทั่วไป', '', 0, 'not_started', 'not_collected', 'not_sent', 'pending', '', '', '', '', NULL, NULL, NULL, '', 0, NULL, NULL, NULL, '', NULL, '', 'medium', 0, '[]'::jsonb, '[]'::jsonb, '2026-07-04T11:33:23.410Z', '2026-07-04T11:33:23.410Z'),
  ('item_x1ykc26_92', 'cus_1ejgz8b_87', 'QO-20260300010', 'IV-20260300015', 'facebook', 'Post โปรโมท', 'รีวิวแบบบ้าน', 12000, 'not_started', 'not_collected', 'not_sent', 'pending', '', '', '', '', NULL, NULL, NULL, '', 0, NULL, NULL, NULL, '', NULL, '', 'medium', 0, '[]'::jsonb, '[]'::jsonb, '2026-07-04T11:33:23.410Z', '2026-07-04T11:33:23.410Z'),
  ('item_owww86d_93', 'cus_1ejgz8b_87', 'QO-20260300010', 'IV-20260300015', 'web', 'Top Banner', 'ระยะเวลา 3 เดือน', 0, 'not_started', 'not_collected', 'not_sent', 'pending', '', '', '', '', NULL, NULL, NULL, '', 0, NULL, NULL, NULL, '', NULL, '', 'medium', 0, '[]'::jsonb, '[]'::jsonb, '2026-07-04T11:33:23.410Z', '2026-07-04T11:33:23.410Z'),
  ('item_v0qlh2c_94', 'cus_1ejgz8b_87', 'QO-20260300010', 'IV-20260300015', 'web', 'ปักหมุด VDO', '', 0, 'not_started', 'not_collected', 'not_sent', 'pending', '', '', '', '', NULL, NULL, NULL, '', 0, NULL, NULL, NULL, '', NULL, '', 'medium', 0, '[]'::jsonb, '[]'::jsonb, '2026-07-04T11:33:23.410Z', '2026-07-04T11:33:23.410Z'),
  ('item_unrl5ej_95', 'cus_1ejgz8b_87', 'QO-20260300010', 'IV-20260300015', 'web', 'Top Ads', 'ระยะเวลา 12 เดือน เริ่ม ต.ค 69 - ต.ค 70', 36000, 'not_started', 'not_collected', 'not_sent', 'pending', '', '', '', '', NULL, NULL, NULL, '', 0, NULL, NULL, NULL, '', NULL, '', 'medium', 0, '[]'::jsonb, '[]'::jsonb, '2026-07-04T11:33:23.410Z', '2026-07-04T11:33:23.410Z'),
  ('item_qup2sib_96', 'cus_1ejgz8b_87', 'QO-20260300010', 'IV-20260300015', 'web', 'Top Ads', 'โครงการเปิดตัวใหม่ ระยะเวลา 3 เดือน ส.ค - ต.ค', 12000, 'not_started', 'not_collected', 'not_sent', 'pending', '', '', '', '', NULL, NULL, NULL, '', 0, NULL, NULL, NULL, '', NULL, '', 'medium', 0, '[]'::jsonb, '[]'::jsonb, '2026-07-04T11:33:23.410Z', '2026-07-04T11:33:23.410Z'),
  ('item_idvl9jj_97', 'cus_1ejgz8b_87', 'QO-20260300010', 'IV-20260300015', 'facebook', 'Post โปรโมท', 'โครงการใหม่ พร้อมภาพประกอบ 4-5 (ไม่รวมถ่ายภาพ)', 0, 'not_started', 'not_collected', 'not_sent', 'pending', '20,000 การมองเห็น 100 engage', '', '', '', NULL, NULL, NULL, '', 0, NULL, NULL, NULL, '', NULL, '', 'medium', 0, '[]'::jsonb, '[]'::jsonb, '2026-07-04T11:33:23.410Z', '2026-07-04T11:33:23.410Z'),
  ('item_ytk9izx_98', 'cus_1ejgz8b_87', 'QO-20260300010', 'IV-20260300015', 'facebook', 'Short VDO', 'Footage 5 คลิป (โลเคชั่น แบบบ้าน club house)', 6000, 'not_started', 'not_collected', 'not_sent', 'pending', '20,000 การมองเห็น 100 engage', '', '', '', NULL, NULL, NULL, '', 0, NULL, NULL, NULL, '', NULL, '', 'medium', 0, '[]'::jsonb, '[]'::jsonb, '2026-07-04T11:33:23.410Z', '2026-07-04T11:33:23.410Z'),
  ('item_102r0ts_99', 'cus_1ejgz8b_87', 'QO-20260300010', 'IV-20260300015', 'web', 'Pop-up Banner', 'แบ่งใช้ 2 รอบ (รวม 1 เดือน )1-15 ตุลา และ 1-15 พ.ย', 14000, 'not_started', 'not_collected', 'not_sent', 'pending', '', '', '', '', NULL, NULL, NULL, '', 0, NULL, NULL, NULL, '', NULL, '', 'medium', 0, '[]'::jsonb, '[]'::jsonb, '2026-07-04T11:33:23.410Z', '2026-07-04T11:33:23.410Z'),
  ('item_kixvd8g_101', 'cus_q4f9i2f_100', 'QO-20260300014', 'IV-20260300013', 'web', 'บทความ AIO', '', 25000, 'published', 'not_collected', 'not_sent', 'pending', 'ติด Aio', '', '', '', NULL, NULL, NULL, 'https://nayoo.co/khonkaen/blogs/namsai-ville', 0, NULL, '2026-05-07', NULL, '', NULL, '', 'medium', 90, '[]'::jsonb, '[]'::jsonb, '2026-07-04T11:33:23.410Z', '2026-07-04T11:33:23.410Z'),
  ('item_hbgksm2_102', 'cus_q4f9i2f_100', 'QO-20260300014', 'IV-20260300013', 'facebook', 'Post โปรโมท', '', 0, 'published', 'not_collected', 'not_sent', 'pending', '20,000 การมองเห็น 100 engagement', '', '', '', NULL, NULL, NULL, 'https://www.facebook.com/share/p/1EsZZAG9xz/', 0, NULL, '2026-05-07', NULL, 'สถานะ Ads: ดำเนินการเสร็จแล้ว', NULL, '', 'medium', 90, '[]'::jsonb, '[]'::jsonb, '2026-07-04T11:33:23.410Z', '2026-07-04T11:33:23.410Z'),
  ('item_2sib3zl_103', 'cus_q4f9i2f_100', 'QO-20260300014', 'IV-20260300013', 'web', 'Top Ads', 'ระยะเวลา 6 เดือน', 0, 'published', 'not_collected', 'not_sent', 'pending', '', '', '', '', NULL, NULL, NULL, '', 0, NULL, '2026-05-18', '2026-11-18', '', NULL, '', 'medium', 90, '[]'::jsonb, '[]'::jsonb, '2026-07-04T11:33:23.410Z', '2026-07-04T11:33:23.410Z'),
  ('item_pe2m8mc_105', 'cus_7ns972k_104', 'QO-20260300008', 'IV-20260300012', 'web', 'บทความทั่วไป', '', 12000, 'in_progress', 'not_collected', 'not_sent', 'pending', '', '', '', '', NULL, NULL, NULL, '', 0, NULL, NULL, NULL, '', NULL, '', 'medium', 50, '[]'::jsonb, '[]'::jsonb, '2026-07-04T11:33:23.410Z', '2026-07-04T11:33:23.410Z'),
  ('item_liqbo2d_106', 'cus_7ns972k_104', 'QO-20260300008', 'IV-20260300012', 'facebook', 'Post โปรโมท', '', 0, 'not_started', 'not_collected', 'not_sent', 'pending', '20,000 การมองเห็น 100 engagement', '', '', '', NULL, NULL, NULL, '', 0, NULL, NULL, NULL, '', NULL, '', 'medium', 0, '[]'::jsonb, '[]'::jsonb, '2026-07-04T11:33:23.410Z', '2026-07-04T11:33:23.410Z'),
  ('item_fqc12tt_107', 'cus_7ns972k_104', 'QO-20260300008', 'IV-20260300012', 'web', 'Top Ads', 'บริษัทรับสร้างบ้านชั้นนำ ระยะเวลา 1 เดือน', 0, 'not_started', 'not_collected', 'not_sent', 'pending', '', '', '', '', NULL, NULL, NULL, '', 0, NULL, NULL, NULL, '', NULL, '', 'medium', 0, '[]'::jsonb, '[]'::jsonb, '2026-07-04T11:33:23.410Z', '2026-07-04T11:33:23.410Z'),
  ('item_win6ksg_108', 'cus_7ns972k_104', 'QO-20260300008', 'IV-20260300012', 'web', 'Top Ads', 'แบบบ้านยอดนิยม 5 แบบบ้าน ระยะเวลา 1 เดือน', 0, 'not_started', 'not_collected', 'not_sent', 'pending', '', '', '', '', NULL, NULL, NULL, '', 0, NULL, NULL, NULL, '', NULL, '', 'medium', 0, '[]'::jsonb, '[]'::jsonb, '2026-07-04T11:33:23.410Z', '2026-07-04T11:33:23.410Z'),
  ('item_e8vlvka_110', 'cus_g7ha33a_109', 'QO-20260400005', 'IV-20260400004', 'web', 'บทความ AIO', '', 30000, 'published', 'not_collected', 'not_sent', 'pending', 'ติด aio', '', '', '', NULL, NULL, NULL, 'https://nayoo.co/blogs/udon/mind-home-builder', 0, NULL, '2026-06-12', NULL, '', NULL, '', 'medium', 90, '[]'::jsonb, '[]'::jsonb, '2026-07-04T11:33:23.410Z', '2026-07-04T11:33:23.410Z'),
  ('item_vsqvhyx_111', 'cus_g7ha33a_109', 'QO-20260400005', 'IV-20260400004', 'facebook', 'Post โปรโมท', '', 0, 'published', 'not_collected', 'not_sent', 'pending', '20,000 การมองเห็น 100 engagement', '', '', '', NULL, NULL, NULL, 'https://www.facebook.com/share/p/18G4ugfrSy/', 0, NULL, '2026-06-12', NULL, 'สถานะ Ads: กำลังดำเนินการ', NULL, '', 'medium', 90, '[]'::jsonb, '[]'::jsonb, '2026-07-04T11:33:23.410Z', '2026-07-04T11:33:23.410Z'),
  ('item_pqyplvh_112', 'cus_g7ha33a_109', 'QO-20260400005', 'IV-20260400004', 'web', 'Top Ads', 'บริษัทรับสร้างบ้านชั้นนำ ระยะเวลา 3 เดือน', 0, 'published', 'not_collected', 'not_sent', 'pending', '', '', '', '', NULL, NULL, NULL, '', 0, NULL, '2026-06-12', '2026-09-13', '', NULL, '', 'medium', 90, '[]'::jsonb, '[]'::jsonb, '2026-07-04T11:33:23.410Z', '2026-07-04T11:33:23.410Z'),
  ('item_lyx7gye_113', 'cus_g7ha33a_109', 'QO-20260400005', 'IV-20260400004', 'web', 'Top Ads', 'แบบบ้านยอดนิยม 5 แบบบ้าน ระยะเวลา 3 เดือน', 0, 'not_started', 'not_collected', 'not_sent', 'pending', '', '', '', '', NULL, NULL, NULL, '', 0, NULL, NULL, NULL, '', NULL, '', 'medium', 0, '[]'::jsonb, '[]'::jsonb, '2026-07-04T11:33:23.410Z', '2026-07-04T11:33:23.410Z'),
  ('item_y2em9na_115', 'cus_kv7it9i_114', 'QO-20260400003', 'IV-20260400003', 'web', 'บทความ AIO', 'รอลูกค้าคอนเฟิร์มเผยแพร่', 32000, 'published', 'not_collected', 'not_sent', 'pending', 'ติด aio', '', '', '', NULL, NULL, NULL, 'https://nayoo.co/blogs/ubon/maharungroj-home-bulider-udon', 0, NULL, '2026-06-08', NULL, '', NULL, '', 'medium', 90, '[]'::jsonb, '[]'::jsonb, '2026-07-04T11:33:23.410Z', '2026-07-04T11:33:23.410Z'),
  ('item_55biqml_116', 'cus_kv7it9i_114', 'QO-20260400003', 'IV-20260400003', 'facebook', 'Post โปรโมท', '', 0, 'published', 'not_collected', 'not_sent', 'pending', '20,000 การมองเห็น 100 engagement', '', '', '', NULL, NULL, NULL, 'https://www.facebook.com/share/p/1AvhMpkMo5/', 0, NULL, '2026-06-08', NULL, 'สถานะ Ads: กำลังดำเนินการ', NULL, '', 'medium', 90, '[]'::jsonb, '[]'::jsonb, '2026-07-04T11:33:23.410Z', '2026-07-04T11:33:23.410Z'),
  ('item_le4ql1w_117', 'cus_kv7it9i_114', 'QO-20260400003', 'IV-20260400003', 'web', 'Top Ads', 'บริษัทรับสร้างบ้านชั้นนำ  ระยะเวลา 3 เดือน', 0, 'published', 'not_collected', 'not_sent', 'pending', '', '', '', '', NULL, NULL, NULL, '', 0, NULL, '2026-06-12', '2026-09-13', '', NULL, '', 'medium', 90, '[]'::jsonb, '[]'::jsonb, '2026-07-04T11:33:23.410Z', '2026-07-04T11:33:23.410Z'),
  ('item_s7dgw3w_118', 'cus_kv7it9i_114', 'QO-20260400003', 'IV-20260400003', 'web', 'Top Ads', 'แบบบ้านยอดนิยม 5 แบบบ้าน   ระยะเวลา 3 เดือน', 0, 'not_started', 'not_collected', 'not_sent', 'pending', '', '', '', '', NULL, NULL, NULL, '', 0, NULL, NULL, NULL, '', NULL, '', 'medium', 0, '[]'::jsonb, '[]'::jsonb, '2026-07-04T11:33:23.410Z', '2026-07-04T11:33:23.410Z'),
  ('item_nw0cyhx_120', 'cus_5ni4res_119', 'QO-20260300005', 'IV-20260300014', 'web', 'บทความ AIO', '', 25000, 'in_progress', 'not_collected', 'not_sent', 'pending', 'ติด aio', '', '', '', NULL, NULL, NULL, '', 0, NULL, NULL, NULL, '', NULL, '', 'medium', 50, '[]'::jsonb, '[]'::jsonb, '2026-07-04T11:33:23.410Z', '2026-07-04T11:33:23.410Z'),
  ('item_qu4th2z_121', 'cus_5ni4res_119', 'QO-20260300005', 'IV-20260300014', 'facebook', 'Post โปรโมท', '', 0, 'in_progress', 'not_collected', 'not_sent', 'pending', '20,000 การมองเห็น 100 engagement', '', '', '', NULL, NULL, NULL, '', 0, NULL, NULL, NULL, '', NULL, '', 'medium', 50, '[]'::jsonb, '[]'::jsonb, '2026-07-04T11:33:23.410Z', '2026-07-04T11:33:23.410Z'),
  ('item_elho0gv_122', 'cus_5ni4res_119', 'QO-20260300005', 'IV-20260300014', 'web', 'Top Ads', 'บริษัทรับสร้างบ้านชั้นนำ ระยะเวลา 5 เดือน', 0, 'in_progress', 'not_collected', 'not_sent', 'pending', '', '', '', '', NULL, NULL, NULL, '', 0, NULL, '2026-03-04', '2026-07-04', '', NULL, '', 'medium', 50, '[]'::jsonb, '[]'::jsonb, '2026-07-04T11:33:23.410Z', '2026-07-04T11:33:23.410Z'),
  ('item_hjiq8no_123', 'cus_5ni4res_119', 'QO-20260300005', 'IV-20260300014', 'web', 'Top Ads', 'โปรไฟล์พรีเมี่ยม ระยะเวลา 3 เดือน', 0, 'in_progress', 'not_collected', 'not_sent', 'pending', '', '', '', '', NULL, NULL, NULL, '', 0, NULL, '2026-04-07', '2026-07-08', '', NULL, '', 'medium', 50, '[]'::jsonb, '[]'::jsonb, '2026-07-04T11:33:23.410Z', '2026-07-04T11:33:23.410Z'),
  ('item_if4dtnr_124', 'cus_5ni4res_119', 'QO-20260300005', 'IV-20260300014', 'facebook', 'VDO 1-3 นาที', 'สัมภาษณ์ผู้บริหาร', 36000, 'not_started', 'not_collected', 'not_sent', 'pending', '1,000 engagement', '', '', '', NULL, NULL, NULL, '', 0, NULL, NULL, NULL, '', NULL, '', 'medium', 0, '[]'::jsonb, '[]'::jsonb, '2026-07-04T11:33:23.410Z', '2026-07-04T11:33:23.410Z'),
  ('item_iqcd0so_126', 'cus_kutdddr_125', 'QO-20260300011', 'IV-20260400008', 'facebook', 'VDO 7-15 นาที', 'มีพิธีกร', 39000, 'not_started', 'not_collected', 'not_sent', 'pending', '1,000 engagement', '', '', '', NULL, NULL, NULL, '', 0, NULL, NULL, NULL, '', NULL, '', 'medium', 0, '[]'::jsonb, '[]'::jsonb, '2026-07-04T11:33:23.410Z', '2026-07-04T11:33:23.410Z'),
  ('item_9zko9mo_127', 'cus_kutdddr_125', 'QO-20260300011', 'IV-20260400008', 'web', 'Top Ads', 'เปิดตัวโครงการใหม่ ระยะเวลา 3 เดือน', 0, 'in_progress', 'not_collected', 'not_sent', 'pending', '', '', '', '', NULL, NULL, NULL, '', 0, NULL, '2026-05-01', '2026-07-31', '', NULL, '', 'medium', 50, '[]'::jsonb, '[]'::jsonb, '2026-07-04T11:33:23.410Z', '2026-07-04T11:33:23.410Z'),
  ('item_i7bm7kn_128', 'cus_kutdddr_125', 'QO-20260300011', 'IV-20260400008', 'web', 'บทความทั่วไป', 'เปิดตัวโครงการใหม่', 0, 'in_progress', 'not_collected', 'not_sent', 'pending', '', '', '', '', NULL, NULL, NULL, '', 0, NULL, NULL, NULL, '', NULL, '', 'medium', 50, '[]'::jsonb, '[]'::jsonb, '2026-07-04T11:33:23.410Z', '2026-07-04T11:33:23.410Z'),
  ('item_ug404hd_129', 'cus_kutdddr_125', 'QO-20260300011', 'IV-20260400008', 'facebook', 'Post โปรโมท', '', 4500, 'in_progress', 'not_collected', 'not_sent', 'pending', '20,000 การมองเห็น 100 engagement', '', '', '', NULL, NULL, NULL, '', 0, NULL, NULL, NULL, '', NULL, '', 'medium', 50, '[]'::jsonb, '[]'::jsonb, '2026-07-04T11:33:23.410Z', '2026-07-04T11:33:23.410Z'),
  ('item_10plqhm_130', 'cus_kutdddr_125', 'QO-20260300011', 'IV-20260400008', 'web', 'ปักหมุด VDO', '', 0, 'not_started', 'not_collected', 'not_sent', 'pending', '', '', '', '', NULL, NULL, NULL, '', 0, NULL, NULL, NULL, '', NULL, '', 'medium', 0, '[]'::jsonb, '[]'::jsonb, '2026-07-04T11:33:23.410Z', '2026-07-04T11:33:23.410Z'),
  ('item_hrbf18e_131', 'cus_kutdddr_125', 'QO-20260300011', 'IV-20260400008', 'facebook', 'Post โปรโมท', '', 0, 'not_started', 'not_collected', 'not_sent', 'pending', '20,000 การมองเห็น 100 engagement', '', '', '', NULL, NULL, NULL, '', 0, NULL, NULL, NULL, '', NULL, '', 'medium', 0, '[]'::jsonb, '[]'::jsonb, '2026-07-04T11:33:23.410Z', '2026-07-04T11:33:23.410Z'),
  ('item_33ncvxk_132', 'cus_kutdddr_125', 'QO-20260300011', 'IV-20260400008', 'facebook', 'Short VDO', 'โปรโมทโครงการ', 6000, 'not_started', 'not_collected', 'not_sent', 'pending', '20,000 การมองเห็น 100 engagement', '', '', '', NULL, NULL, NULL, '', 0, NULL, NULL, NULL, '', NULL, '', 'medium', 0, '[]'::jsonb, '[]'::jsonb, '2026-07-04T11:33:23.410Z', '2026-07-04T11:33:23.410Z'),
  ('item_4kfz88d_133', 'cus_kutdddr_125', 'QO-20260300011', 'IV-20260400008', 'facebook', 'Short VDO', 'โปรโมทพรีเซลล์', 0, 'published', 'not_collected', 'not_sent', 'pending', '20,000 การมองเห็น 100 engagement', '', '', '', NULL, NULL, NULL, 'https://www.facebook.com/share/r/1BZC5gvsTv/', 0, NULL, NULL, NULL, 'สถานะ Ads: ดำเนินการเสร็จแล้ว', NULL, '', 'medium', 90, '[]'::jsonb, '[]'::jsonb, '2026-07-04T11:33:23.410Z', '2026-07-04T11:33:23.410Z'),
  ('item_4p4on1w_134', 'cus_kutdddr_125', 'QO-20260300011', 'IV-20260400008', 'web', 'Pop-up Banner', 'ระยะเวลา 1 เดือน', 9000, 'published', 'not_collected', 'not_sent', 'pending', '', '', '', '', NULL, NULL, NULL, '', 0, NULL, '2026-05-08', '2026-06-09', '', NULL, '', 'medium', 90, '[]'::jsonb, '[]'::jsonb, '2026-07-04T11:33:23.410Z', '2026-07-04T11:33:23.410Z'),
  ('item_72iw33o_135', 'cus_kutdddr_125', 'QO-20260300011', 'IV-20260400008', 'web', 'Top Banner', 'ระยะเวลา 3 เดือน', 36000, 'published', 'not_collected', 'not_sent', 'pending', '', '', '', '', NULL, NULL, NULL, '', 0, NULL, '2026-04-30', '2026-07-31', '', NULL, '', 'medium', 90, '[]'::jsonb, '[]'::jsonb, '2026-07-04T11:33:23.410Z', '2026-07-04T11:33:23.410Z'),
  ('item_3z8xbvw_137', 'cus_m7tatlo_136', 'QO-20260400004', 'IV-20260400006', 'web', 'Pop-up Banner', 'ระยะเวลา 7 วัน', 8000, 'published', 'not_collected', 'not_sent', 'pending', '', '', '', '', NULL, NULL, NULL, '', 0, NULL, '2026-05-01', '2026-05-07', '', NULL, '', 'medium', 90, '[]'::jsonb, '[]'::jsonb, '2026-07-04T11:33:23.410Z', '2026-07-04T11:33:23.410Z'),
  ('item_f3iw2hj_138', 'cus_m7tatlo_136', 'QO-20260400004', 'IV-20260400006', 'web', 'Top Ads', 'ระยะเวลา 3 เดือน', 12000, 'published', 'not_collected', 'not_sent', 'pending', '', '', '', '', NULL, NULL, NULL, '', 0, NULL, '2026-04-16', '2026-07-17', '', NULL, '', 'medium', 90, '[]'::jsonb, '[]'::jsonb, '2026-07-04T11:33:23.410Z', '2026-07-04T11:33:23.410Z'),
  ('item_t5lygw0_140', 'cus_qcr6s5r_139', 'QO-20260400022', '', 'facebook', 'VDO 1-3 นาที', '', NULL, 'in_progress', 'not_collected', 'not_sent', 'pending', '1,000 engagement', '', '', '', NULL, NULL, NULL, '', 0, NULL, NULL, NULL, '', NULL, '', 'medium', 50, '[]'::jsonb, '[]'::jsonb, '2026-07-04T11:33:23.410Z', '2026-07-04T11:33:23.410Z'),
  ('item_kq3kdhw_141', 'cus_qcr6s5r_139', 'QO-20260400022', '', 'web', 'บทความทั่วไป', '', NULL, 'published', 'not_collected', 'not_sent', 'pending', '', '', '', '', NULL, NULL, NULL, 'https://nayoo.co/blogs/khonkaen/origin-place-khonkaen-kanlapaphruek', 0, NULL, NULL, NULL, '', NULL, '', 'medium', 90, '[]'::jsonb, '[]'::jsonb, '2026-07-04T11:33:23.410Z', '2026-07-04T11:33:23.410Z'),
  ('item_yavs785_142', 'cus_qcr6s5r_139', 'QO-20260400022', '', 'facebook', 'Post โปรโมท', '', NULL, 'published', 'not_collected', 'not_sent', 'pending', '20,000 การมองเห็น 100 engagement', '', '', '', NULL, NULL, NULL, 'https://www.facebook.com/share/p/1BJPmyyrcX/', 0, NULL, NULL, NULL, 'สถานะ Ads: ดำเนินการเสร็จแล้ว', NULL, '', 'medium', 90, '[]'::jsonb, '[]'::jsonb, '2026-07-04T11:33:23.410Z', '2026-07-04T11:33:23.410Z'),
  ('item_x4zvjn7_143', 'cus_qcr6s5r_139', 'QO-20260400022', '', 'facebook', 'Top Ads', 'ระยะเวลา 3 เดือน', NULL, 'in_progress', 'not_collected', 'not_sent', 'pending', '', '', '', '', NULL, NULL, NULL, '', 0, NULL, '2026-05-13', '2026-08-14', '', NULL, '', 'medium', 50, '[]'::jsonb, '[]'::jsonb, '2026-07-04T11:33:23.410Z', '2026-07-04T11:33:23.410Z'),
  ('item_36u4o6z_144', 'cus_qcr6s5r_139', 'QO-20260400022', '', 'facebook', 'Short VDO', '', NULL, 'published', 'not_collected', 'not_sent', 'pending', '20,000 การมองเห็น 100 engagement', '', '', '', NULL, NULL, NULL, 'https://www.facebook.com/share/r/14mobMSoMZK/', 0, NULL, NULL, NULL, 'สถานะ Ads: ดำเนินการเสร็จแล้ว', NULL, '', 'medium', 90, '[]'::jsonb, '[]'::jsonb, '2026-07-04T11:33:23.410Z', '2026-07-04T11:33:23.410Z'),
  ('item_nkmwcgr_145', 'cus_qcr6s5r_139', 'QO-20260400022', '', 'web', 'Top Banner', 'ระยะเวลา 1 เดือน', NULL, 'published', 'not_collected', 'not_sent', 'pending', '', '', '', '', NULL, NULL, NULL, '', 0, NULL, '2026-05-13', '2026-06-14', '', NULL, '', 'medium', 90, '[]'::jsonb, '[]'::jsonb, '2026-07-04T11:33:23.410Z', '2026-07-04T11:33:23.410Z'),
  ('item_x5kryza_147', 'cus_4tkkfg8_146', 'QO-20260400018', 'IV-20260400009', 'web', 'บทความ AIO', 'รอลูกค้าคอนเฟิร์มเพื่อเผยแพร่', 25000, 'in_progress', 'not_collected', 'not_sent', 'pending', 'ติด Aio', '', '', '', NULL, NULL, NULL, '', 0, NULL, NULL, NULL, '', NULL, '', 'medium', 50, '[]'::jsonb, '[]'::jsonb, '2026-07-04T11:33:23.410Z', '2026-07-04T11:33:23.410Z'),
  ('item_gncgjdb_149', 'cus_u0ac3x7_148', 'RT-20260400016', '', 'web', 'บทความ AIO', '', NULL, 'published', 'not_collected', 'not_sent', 'pending', 'ติด AIO', '', '', '', NULL, NULL, NULL, 'https://nayoo.co/blogs/khonkaen/b-house-builder', 0, NULL, NULL, NULL, '', NULL, '', 'medium', 90, '[]'::jsonb, '[]'::jsonb, '2026-07-04T11:33:23.410Z', '2026-07-04T11:33:23.410Z'),
  ('item_9erinwc_151', 'cus_d6zxx1d_150', 'QO-20260400026', 'IV-20260400017', 'web', 'บทความ AIO', '', 32000, 'published', 'not_collected', 'not_sent', 'pending', 'ติด Aio', '', '', '', NULL, NULL, NULL, 'https://nayoo.co/blogs/khonkaen/s-house-design-2', 0, NULL, NULL, NULL, '', NULL, '', 'medium', 90, '[]'::jsonb, '[]'::jsonb, '2026-07-04T11:33:23.410Z', '2026-07-04T11:33:23.410Z'),
  ('item_um8bbfa_152', 'cus_d6zxx1d_150', 'QO-20260400026', 'IV-20260400017', 'web', 'Post โปรโมท', '', 0, 'published', 'not_collected', 'not_sent', 'pending', '20,000 การมองเห็น 100 engagement', '', '', '', NULL, NULL, NULL, 'https://www.facebook.com/share/p/1EBpscXh6N/', 0, NULL, NULL, NULL, 'สถานะ Ads: ดำเนินการเสร็จแล้ว', NULL, '', 'medium', 90, '[]'::jsonb, '[]'::jsonb, '2026-07-04T11:33:23.410Z', '2026-07-04T11:33:23.410Z'),
  ('item_9cmh0tn_153', 'cus_d6zxx1d_150', 'QO-20260400026', 'IV-20260400017', 'web', 'Top Ads', 'ระยะเวลา 2 เดือน', 0, 'published', 'not_collected', 'not_sent', 'pending', '', '', '', '', NULL, NULL, NULL, '', 0, NULL, '2026-04-29', '2026-06-30', '', NULL, '', 'medium', 90, '[]'::jsonb, '[]'::jsonb, '2026-07-04T11:33:23.410Z', '2026-07-04T11:33:23.410Z'),
  ('item_shy6bmg_154', 'cus_d6zxx1d_150', 'QO-20260400026', 'IV-20260400017', 'web', 'ปักหมุดบริษัทชั้นนำ', 'ระยะเวลา 2 เดือน', 0, 'published', 'not_collected', 'not_sent', 'pending', '', '', '', '', NULL, NULL, NULL, '', 0, NULL, '2026-04-29', '2026-06-30', '', NULL, '', 'medium', 90, '[]'::jsonb, '[]'::jsonb, '2026-07-04T11:33:23.410Z', '2026-07-04T11:33:23.410Z'),
  ('item_olyj6vf_156', 'cus_ogz0df8_155', 'QO-20260400015', '', 'web', 'Top Ads', 'ปักหมุดใบประกาศ ระยะเวลา 3 เดือน', NULL, 'in_progress', 'not_collected', 'not_sent', 'pending', 'การมองเห็นไม่ต่ำกว่า 10,000', '', '', '', NULL, NULL, NULL, '', 0, NULL, '2026-04-27', '2026-07-31', '', NULL, '', 'medium', 50, '[]'::jsonb, '[]'::jsonb, '2026-07-04T11:33:23.410Z', '2026-07-04T11:33:23.410Z'),
  ('item_cl7hjas_157', 'cus_ogz0df8_155', 'QO-20260400015', '', 'web', 'Top Ads', 'ปักหมุดโครงการเปิดตัวใหม่  ระยะเวลา 3 เดือน', NULL, 'in_progress', 'not_collected', 'not_sent', 'pending', '', '', '', '', NULL, NULL, NULL, '', 0, NULL, '2026-04-27', '2026-07-31', '', NULL, '', 'medium', 50, '[]'::jsonb, '[]'::jsonb, '2026-07-04T11:33:23.410Z', '2026-07-04T11:33:23.410Z'),
  ('item_bvfmp5n_159', 'cus_jfliios_158', 'QO-20260300012', 'IV-20260400016', 'facebook', 'Short VDO', '', 10000, 'published', 'not_collected', 'not_sent', 'pending', '20,000 การมองเห็น 100 engagement', '', '', '', NULL, NULL, NULL, 'https://www.facebook.com/share/r/1Cx1sriCty/', 0, NULL, '2026-05-13', NULL, 'สถานะ Ads: ดำเนินการเสร็จแล้ว', NULL, '', 'medium', 90, '[]'::jsonb, '[]'::jsonb, '2026-07-04T11:33:23.410Z', '2026-07-04T11:33:23.410Z'),
  ('item_3in2o4v_160', 'cus_jfliios_158', 'QO-20260300012', 'IV-20260400016', 'facebook', 'Post โปรโมท', '', 10000, 'published', 'not_collected', 'not_sent', 'pending', '20,000 การมองเห็น 100 engagement', '', '', '', NULL, NULL, NULL, 'https://www.facebook.com/share/p/18mxkj4t2r/', 0, NULL, '2026-05-12', NULL, 'สถานะ Ads: ดำเนินการเสร็จแล้ว', NULL, '', 'medium', 90, '[]'::jsonb, '[]'::jsonb, '2026-07-04T11:33:23.410Z', '2026-07-04T11:33:23.410Z'),
  ('item_8gfjr10_162', 'cus_vi1pls1_161', 'QO-20260400027', '', 'facebook', 'Short VDO', 'รอลูกค้าคอนเฟิร์มเพื่อเผยแพร่', NULL, 'published', 'not_collected', 'not_sent', 'pending', '20,000 การมองเห็น 100 engagement', '', '', '', NULL, NULL, NULL, 'https://www.facebook.com/share/r/15t7LG4SxPW/', 0, NULL, '2026-05-22', NULL, 'สถานะ Ads: ดำเนินการเสร็จแล้ว', NULL, '', 'medium', 90, '[]'::jsonb, '[]'::jsonb, '2026-07-04T11:33:23.410Z', '2026-07-04T11:33:23.410Z'),
  ('item_ouimfcb_163', 'cus_vi1pls1_161', 'QO-20260400027', '', 'other', 'ภาพนิ่ง', '', NULL, 'published', 'not_collected', 'not_sent', 'pending', '', '', '', '', NULL, NULL, NULL, '', 0, NULL, NULL, NULL, '', NULL, '', 'medium', 90, '[]'::jsonb, '[]'::jsonb, '2026-07-04T11:33:23.410Z', '2026-07-04T11:33:23.410Z')
on conflict (id) do nothing;
